experiment,seed,condition_label,n_train,n_test,context_dim,target_dim,K,d,r_star,alpha,overlap,sigma_z,sigma_y,spectrum_decay,spectrum_trace,spectrum_gap_rank,embedding_decay,embedding_trace,subspace_operator,test_mse,ols_test_mse,rrr_test_mse,oracle_test_mse,ols_test_risk,rrr_test_risk,excess_risk_over_ols,recovered_rank,rrr_effective_rank,model_effective_rank,rank_equality_target,rank_equality_gap,oracle_rank,oracle_effective_rank,target_rank,rank_fraction,oracle_rank_fraction,subspace_error,theorem_subspace_error,operator_error_op,cross_cov_error_op,subspace_bound_denominator,empirical_subspace_bound,empirical_subspace_bound_clipped,subspace_bound_valid,retained_subspace_error,retained_subspace_bound,retained_subspace_bound_clipped,retained_subspace_bound_valid,sigma_min_nonzero,sigma_top,lambda_top,oracle_sigma_min_nonzero,oracle_sigma_top,oracle_lambda_top,oracle_effective_sigma_min,lambda_het_proxy,oracle_lambda_het_proxy,sigma_at_population_rank,lambda_at_population_rank,oracle_sigma_at_population_rank,oracle_lambda_at_population_rank,sigma_at_bottleneck_rank,sigma_after_bottleneck_rank,lambda_at_bottleneck_rank,oracle_sigma_at_bottleneck_rank,oracle_sigma_after_bottleneck_rank,oracle_lambda_at_bottleneck_rank,retained_gap_abs,retained_relative_gap,normalized_operator_error,relative_conditioning,oracle_relative_conditioning,trace_h,oracle_trace_h,entropy_gap,oracle_entropy_gap,embedding_relative_conditioning,embedding_entropy_gap,empirical_effdim,oracle_effdim,zz_hat_min_eig,zz_hat_condition,zz_pop_min_eig,zz_pop_condition,spectral_tail_proxy,population_tail_per_target,population_rank_r_mse,empirical_spectral_tail,population_spectral_energy,empirical_spectral_energy,spectral_tail_ratio,empirical_spectral_tail_ratio,excess_risk_ratio,relative_rrr_to_ols,per_target_excess_mse,rank_r_excess_mse,rank_r_risk_stability_ratio,per_target_risk_stability_ratio,fixed_eval_mse,fixed_eval_excess_mse,risk_stability_ratio,fixed_eval_relative_mse,oracle_fixed_eval_mse,oracle_fixed_eval_relative_mse,theorem_fixed_eval_mse,theorem_oracle_fixed_eval_mse,theorem_fixed_eval_excess_mse,theorem_fixed_eval_relative_mse,runtime_sec
unified_risk,0,,512,8192,80,1,64,16,32,1.0,0.0,0.25,0.25,0.35,64.0,16,1.0,16.0,whitened_raw,0.39539059707582247,0.14477043055624786,0.39539059707582247,0.12097493691975716,9.265307555599861,25.304998212852635,16.039690657252773,40,16,16,16,0,32,32,32,1.25,1.0,0.7742246953881279,0.23115996435781352,0.48442233378360705,0.48442233378360705,0.5035224310629893,0.9620670379290552,0.9620670379290552,1,0.42404471026237983,2.451972473015946,1.0,1,0.09937925105695007,1.9544072325658108,3.8197076307055515,0.9879447648465963,1.6699314428937326,2.788671023965144,0.9879447648465963,0.009876235540640136,0.9760348583877965,0.786328324962965,0.6183122346390623,0.9879447648465963,0.9760348583877965,1.370659028408135,1.1152136330977476,1.8787061721567326,1.6699314428937302,0.987944764846599,2.7886710239651356,0.6819866780471312,0.4083920216900365,0.2900851623849768,0.49184554258926627,0.999999999999997,61.13005900022472,60.235294117647044,-0.01995231655187779,0.0,1.0,0.0,16.003858124851607,21.599999999999977,0.029087215466485877,55.97487770349953,0.06249999999999923,17.000000000000245,15.616557734204799,0.24400871459694998,0.36498365151670714,14.870417624026448,60.235294117647065,61.13005828800645,0.2592592592592593,0.24325868550568652,0.26238631381118305,2.7311557723260402,0.27441566015606533,0.030406945559115328,0.07170693283805114,1.1871245131847146,0.539021087643784,-0.011008303912574458,0.0,0.5381476786293858,0.5500293915563584,0.5491381451101958,0.06383924176838388,0.06291646373593573,0.0009227780324481405,0.06373579911927235,0.24736140004824847
unified_risk,1,,512,8192,80,1,64,16,32,1.0,0.0,0.25,0.25,0.35,64.0,16,1.0,16.0,whitened_raw,0.38916824703924113,0.14383293253419452,0.38916824703924113,0.12135700064592123,9.205307682188451,24.906767810511425,15.701460128322974,38,16,16,16,0,32,32,32,1.1875,1.0,0.9522792844388209,0.2136496939308695,0.48520068071382877,0.48520068071382877,0.5027440841327677,0.9651047044159629,0.9651047044159629,1,0.38031614623928156,2.4656260470201428,1.0,1,0.10346936931028683,2.004700570877515,4.018824378876635,0.9879447648465964,1.6699314428937333,2.788671023965146,0.9879447648465964,0.010705910385468672,0.9760348583877967,0.792496307490285,0.6280503973857363,0.9879447648465964,0.9760348583877967,1.3614781211643678,1.1359571530594106,1.853622674409257,1.6699314428937313,0.9879447648465993,2.7886710239651396,0.681986678047132,0.4083920216900368,0.29055125752530947,0.4612350527562471,0.9999999999999976,60.46910151628718,60.23529411764706,-0.02114830380374899,-2.220446049250313e-16,1.0,0.0,15.046465288236817,21.599999999999962,0.026918008625239402,60.24291557755695,0.062499999999999334,17.0000000000002,15.6165577342048,0.24400871459695,0.3653657152428712,15.14925839891079,60.235294117647086,60.46910081230112,0.25925925925925924,0.2505289179995381,0.25966088328419223,2.705696394994388,0.2678112463933199,0.02380253179636993,0.06258617214057016,1.2535063423960504,0.5364850773485211,-0.005814137546428011,0.0,0.5373762785005147,0.5422992148949491,0.5432000744070686,0.06349920006642584,0.06257290645804514,0.0009262936083807016,0.06360468400743229,0.22452819999307394
unified_risk,2,,512,8192,80,1,64,16,32,1.0,0.0,0.25,0.25,0.35,64.0,16,1.0,16.0,whitened_raw,0.39180737183797837,0.14350034904529066,0.39180737183797837,0.12148051889171593,9.184022338898599,25.075671797630612,15.891649458732013,41,16,16,16,0,32,32,32,1.28125,1.0,0.8011440025913088,0.21746098722002838,0.4623658866529186,0.4623658866529186,0.5255788781936781,0.8797269179499538,0.8797269179499538,1,0.43317496862299454,2.1052919612833256,1.0,1,0.09875053184079091,1.950499060649624,3.8044465855950653,0.9879447648465968,1.6699314428937324,2.788671023965143,0.9879447648465968,0.009751667538839031,0.9760348583877974,0.7553837775575959,0.5706046513971835,0.9879447648465968,0.9760348583877974,1.4254168462608114,1.1463517468123547,2.031813185604118,1.6699314428937306,0.9879447648465991,2.7886710239651373,0.6819866780471315,0.40839202169003674,0.2768771667965663,0.5340627447096398,0.9999999999999979,61.56379065206241,60.23529411764705,-0.016406386189459887,0.0,1.0,0.0,16.18206203371706,21.599999999999987,0.027579260472326003,59.51908249557865,0.06249999999999931,17.000000000000213,15.616557734204802,0.24400871459695003,0.36548923348866597,15.157208199026485,60.23529411764708,61.56378993822568,0.2592592592592593,0.24620329928088452,0.2581330596228401,2.7303583192980154,0.27032685294626246,0.026318138349312403,0.06075636926338162,1.2431050571509825,0.5371449325852856,-0.00861119156576029,0.0,0.5354456410220673,0.5457561241510459,0.5440295905451511,0.06361223935492943,0.06284113885924221,0.0007711004956872242,0.06341099806026992,0.23469819995807484
unified_risk,3,,512,8192,80,1,64,16,32,1.0,0.0,0.25,0.25,0.35,64.0,16,1.0,16.0,whitened_raw,0.3930640620305727,0.14436224524791694,0.3930640620305727,0.12097660356986681,9.239183695866686,25.156099969956657,15.91691627408997,40,16,16,16,0,32,32,32,1.25,1.0,0.8366707197399478,0.22132042005018024,0.47372602486378546,0.47372602486378546,0.5142187399828105,0.9212539101154138,0.9212539101154138,1,0.42602026371606255,2.2746784744150954,1.0,1,0.09886302924620353,1.946277405054378,3.7879957374252036,0.987944764846596,1.6699314428937324,2.788671023965143,0.987944764846596,0.009773898551735691,0.9760348583877958,0.7890127770646436,0.6225411623712609,0.987944764846596,0.9760348583877958,1.429675908178805,1.1596734959688872,2.043973202426891,1.6699314428937306,0.9879447648465989,2.7886710239651373,0.6819866780471318,0.4083920216900369,0.28367992403502007,0.5395922657020283,0.9999999999999979,60.058810610828246,60.23529411764703,-0.01712139776957522,2.220446049250313e-16,1.0,0.0,15.855036482076862,21.599999999999977,0.029208296837943442,56.89872844453491,0.06249999999999929,17.000000000000213,15.616557734204783,0.24400871459694973,0.36498531816681656,15.188983554215781,60.23529411764707,60.05880990116031,0.259259259259259,0.25290184036634294,0.265022172438726,2.7227621831148014,0.2720874584607059,0.02807874386375614,0.06590940914132265,1.2293825323438985,0.5392302401736522,-0.00743675865939164,0.0,0.5385715480345736,0.5466669988330438,0.5459992223843249,0.06378216256223886,0.0628855697353228,0.0008965928269160511,0.06370425000103003,0.23286300001200289
unified_risk,4,,512,8192,80,1,64,16,32,1.0,0.0,0.25,0.25,0.35,64.0,16,1.0,16.0,whitened_raw,0.3911719954630319,0.1427850661883396,0.3911719954630319,0.12087357318513262,9.138244236053733,25.035007709634037,15.896763473580304,39,16,16,16,0,32,32,32,1.21875,1.0,0.8179957970323355,0.21485839670703985,0.45190464333384384,0.45190464333384384,0.5360401215127526,0.8430425731165961,0.8430425731165961,1,0.3934388056389899,1.9641022555149799,1.0,1,0.10043345372864956,1.9939788841554005,3.975951790457616,0.9879447648465964,1.669931442893733,2.7886710239651453,0.9879447648465964,0.010086878627865083,0.9760348583877967,0.8097056863948588,0.6556232985801695,0.9879447648465964,0.9760348583877967,1.4141519707684194,1.1627279988088695,1.9998257964282045,1.6699314428937313,0.9879447648466,2.7886710239651396,0.6819866780471313,0.40839202169003647,0.2706126920700187,0.5029803935821949,0.9999999999999979,61.23668008647103,60.23529411764707,-0.017046826083152222,0.0,1.0,0.0,15.401766247126185,21.599999999999977,0.027813803563308964,59.79014437646314,0.06249999999999916,17.000000000000256,15.616557734204804,0.24400871459695006,0.36488228778208265,15.690666995829364,60.23529411764707,61.23667937614916,0.25925925925925936,0.2562298797988165,0.25959545219514096,2.7395861899665284,0.27029842227789924,0.026289707680949237,0.066820322002177,1.2580305281084827,0.539277230903838,-0.006231438127558331,0.0,0.5390835627018481,0.5455086690313963,0.5453127629611101,0.06363315402949225,0.06286353668955069,0.0007696173399415612,0.06361030174161209,0.22103780001634732
unified_risk,5,,512,8192,80,1,64,16,32,1.0,0.0,0.25,0.25,0.35,64.0,16,1.0,16.0,whitened_raw,0.39205095854880256,0.14371301800986636,0.39205095854880256,0.12141063578023657,9.197633152631447,25.091261347123364,15.893628194491917,39,16,16,16,0,32,32,32,1.21875,1.0,0.8648604820307131,0.2087418089617262,0.4726372729688771,0.4726372729688771,0.515307491877719,0.9171946467276136,0.9171946467276136,1,0.40750184089007374,2.2576480348353813,1.0,1,0.10267410808258158,1.9879184862071906,3.951819907804288,0.9879447648465961,1.6699314428937326,2.788671023965144,0.9879447648465961,0.010541972470553738,0.976034858387796,0.79795730689357,0.6367358636248391,0.9879447648465961,0.976034858387796,1.39155128811662,1.1522393236671642,1.9364149874590246,1.6699314428937306,0.9879447648465992,2.7886710239651373,0.6819866780471314,0.40839202169003663,0.28302795002761905,0.49000587897107295,0.9999999999999976,62.61632675141814,60.23529411764704,-0.02035652407758959,0.0,1.0,0.0,15.844934286544715,21.599999999999973,0.027228064282876916,60.773460325493176,0.062499999999999375,17.000000000000195,15.616557734204791,0.24400871459694987,0.3654193503771864,15.738684191781616,60.23529411764707,62.61632604004231,0.2592592592592592,0.25135112816611016,0.2538256266317534,2.728012840993201,0.270640322768566,0.02663160817161614,0.06535334444979891,1.2965314620713533,0.540488794693397,-0.007782096374900238,0.0,0.5406975296213962,0.5482708910682972,0.5484826314153586,0.06333293996550335,0.06254369158183824,0.000789248383665106,0.06335739893078342,0.2310410999925807
unified_risk,6,,512,8192,80,1,64,16,32,1.0,0.0,0.25,0.25,0.35,64.0,16,1.0,16.0,whitened_raw,0.393374276735438,0.14496960200079387,0.393374276735438,0.12131519549945548,9.27805452805081,25.175953711068026,15.897899183017216,38,16,16,16,0,32,32,32,1.1875,1.0,0.7241264394889493,0.21099196776344598,0.4585068592548093,0.4585068592548093,0.5294379055917867,0.8660257499740347,0.8660257499740347,1,0.38460407810554836,2.051670086957138,1.0,1,0.10168109957819663,1.971471943259429,3.886701623059109,0.987944764846596,1.6699314428937326,2.788671023965144,0.987944764846596,0.010339046011431268,0.9760348583877958,0.8174233917821563,0.6681810014326446,0.987944764846596,0.9760348583877958,1.4455653127936856,1.177392889292405,2.089659073552306,1.6699314428937306,0.9879447648465991,2.7886710239651373,0.6819866780471315,0.4083920216900367,0.27456627708038595,0.5376432966077794,0.9999999999999976,62.503761921193004,60.235294117647044,-0.018266946770529646,0.0,1.0,0.0,16.081440764675452,21.599999999999977,0.02765999164477217,60.4733064466321,0.06249999999999931,17.000000000000213,15.616557734204806,0.2440087145969501,0.3653239100964056,15.545377152944688,60.235294117647086,62.50376120331442,0.25925925925925936,0.24871106720087038,0.25435108027025727,2.7134949072515484,0.27205908123598255,0.02805036663903243,0.07293309727031667,1.2894286172116376,0.5421081343503307,-0.005189548437188551,0.0,0.5394815468128171,0.5472976827875192,0.5446459511830073,0.06422668509919718,0.06340479597380178,0.0008218891253954086,0.0639154980869242,0.22558100003516302
unified_risk,7,,512,8192,80,1,64,16,32,1.0,0.0,0.25,0.25,0.35,64.0,16,1.0,16.0,whitened_raw,0.39017000584125805,0.14300496225557005,0.39017000584125805,0.1207675867392651,9.152317584356481,24.970880373840508,15.818562789484027,39,16,16,16,0,32,32,32,1.21875,1.0,0.9684601956697207,0.20974377129287375,0.4447201550388479,0.4447201550388479,0.5432246098077487,0.8186671719387635,0.8186671719387635,1,0.3690291955344443,1.8743485149117367,1.0,1,0.09794733640929894,1.920166048287211,3.6870376529949236,0.9879447648465965,1.669931442893733,2.7886710239651453,0.9879447648465965,0.009593680709676297,0.9760348583877969,0.8244443889032776,0.6797085503940989,0.9879447648465965,0.9760348583877969,1.3199495149536038,1.1568812819990082,1.742266722026254,1.669931442893731,0.9879447648465995,2.7886710239651387,0.6819866780471315,0.4083920216900366,0.2663104266533341,0.47253835897527047,0.9999999999999976,60.1406060471262,60.23529411764707,-0.019609108875375814,-2.220446049250313e-16,1.0,0.0,16.311362049225323,21.599999999999977,0.028324454954069204,54.52691468612459,0.06249999999999929,17.000000000000213,15.616557734204825,0.2440087145969504,0.3647763013362155,15.382234584092071,60.2352941176472,60.140605338797,0.2592592592592592,0.25577119647262536,0.2630263313841205,2.7283669020098,0.2694024191019929,0.025393704505042525,0.06881218291757715,1.2844358497102417,0.5342156945058062,-0.007884598529690034,0.0,0.535453112911978,0.5421002930354962,0.5433559747526232,0.06359724815049994,0.0627430407626301,0.0008542073878698431,0.06374456019365528,0.21131829998921603
unified_risk,8,,512,8192,80,1,64,16,32,1.0,0.0,0.25,0.25,0.35,64.0,16,1.0,16.0,whitened_raw,0.38978476407735274,0.14294559860082967,0.38978476407735274,0.12079983689124667,9.148518310453099,24.94622490095058,15.79770659049748,39,16,16,16,0,32,32,32,1.21875,1.0,0.7693283517330533,0.2090103974004069,0.4788419414079787,0.4788419414079787,0.5091028234386175,0.9405603728020037,0.9405603728020037,1,0.360715409149436,2.3571466794069433,1.0,1,0.10083107826487224,1.9906485798484477,3.9626817684526414,0.9879447648465962,1.669931442893733,2.7886710239651453,0.9879447648465962,0.010166906344056799,0.9760348583877962,0.7928384720028041,0.6285928426877412,0.9879447648465962,0.9760348583877962,1.3562255275635562,1.1152444839370512,1.8393476816150462,1.6699314428937313,0.9879447648465991,2.7886710239651396,0.6819866780471322,0.40839202169003697,0.28674347288067087,0.4641673970032874,0.9999999999999979,60.28929154164409,60.235294117647065,-0.0216804962207795,0.0,1.0,0.0,15.214265253802102,21.599999999999973,0.027583226019761164,58.060677911773126,0.06249999999999937,17.0000000000002,15.616557734204804,0.24400871459695006,0.36480855148819674,15.020725623301567,60.23529411764709,60.289290838654516,0.2592592592592593,0.24914417493315447,0.26203172023991983,2.72680493763094,0.26898492718610606,0.024976212589156,0.06924076974712476,1.286945197615238,0.5388402588846161,-0.00636427283619323,0.0,0.5384478597288025,0.5452045317208093,0.5448074979163274,0.06370437837032525,0.06284095307919198,0.0008634252911332713,0.0636579869883118,0.22948219999670982
unified_risk,9,,512,8192,80,1,64,16,32,1.0,0.0,0.25,0.25,0.35,64.0,16,1.0,16.0,whitened_raw,0.3939512616642192,0.14398970473112221,0.3939512616642192,0.12096007178744621,9.215341102791822,25.212880746510027,15.997539643718206,40,16,16,16,0,32,32,32,1.25,1.0,0.7189814557232231,0.2150899340409507,0.5016266793880898,0.5016266793880898,0.48631808545850674,1.0314785618452786,1.0,1,0.436475493774034,2.781252401406254,1.0,1,0.0996883995325935,1.976362517048023,3.906008798792397,0.9879447648465965,1.669931442893733,2.7886710239651453,0.9879447648465965,0.009937777001370237,0.9760348583877969,0.7761442844889315,0.6023999503448354,0.9879447648465965,0.9760348583877969,1.4064058485980355,1.1226346901678739,1.9779774109707604,1.6699314428937313,0.9879447648465993,2.7886710239651396,0.681986678047132,0.40839202169003685,0.30038758867780124,0.5063934857449074,0.9999999999999979,61.80052371639182,60.23529411764706,-0.01914262261218025,2.220446049250313e-16,1.0,0.0,15.821911034992652,21.59999999999997,0.0293640423015498,56.81654473288398,0.062499999999999334,17.000000000000213,15.616557734204806,0.2440087145969501,0.3649687863843963,15.03202734157129,60.23529411764707,61.80052300781913,0.2592592592592594,0.2432346299022325,0.2588576740959646,2.735968258285273,0.27299118987677296,0.028982475279822895,0.06640115125186684,1.269195562749108,0.540387641029534,-0.00919456892710957,0.0,0.5396776855971265,0.5495822099566435,0.5488601747991224,0.06383409796294776,0.06303737740209406,0.0007967205608536976,0.06375023341612858,0.20599259994924068
unified_risk,0,,1024,8192,80,1,64,16,32,1.0,0.0,0.25,0.25,0.35,64.0,16,1.0,16.0,whitened_raw,0.37786946274461647,0.13145524607722403,0.37786946274461647,0.12090152031664364,8.413135748942338,24.183645615655458,15.77050986671312,32,16,16,16,0,32,32,32,1.0,1.0,0.5577624135565268,0.15165012172849401,0.35555500675641766,0.35555500675641766,0.6323897580901787,0.562240299131656,0.562240299131656,1,0.3060561357692806,1.0892172482852236,1.0,1,0.852141229232937,1.8744667318917865,3.5136255289690745,0.9879447648465963,1.6699314428937326,2.788671023965144,0.9879447648465963,0.7261446745586204,0.9760348583877965,0.852141229232937,0.7261446745586209,0.9879447648465963,0.9760348583877965,1.4476464653299106,1.101025641031233,2.095680288582184,1.6699314428937302,0.987944764846599,2.7886710239651356,0.6819866780471312,0.4083920216900365,0.2129159303332213,0.5964438359477292,0.999999999999997,61.0032509180004,60.235294117647044,-0.010282381972585242,0.0,1.0,0.0,17.361910202166374,21.599999999999977,0.038501663907416266,37.93136801170065,0.06249999999999923,17.000000000000245,15.616557734204799,0.24400871459694998,0.36491023491359365,15.195819529580538,60.235294117647065,61.00325028732889,0.2592592592592593,0.2490985227509573,0.25851917385439455,2.8745103297181096,0.25696794242797283,0.012959227831022824,0.042342649979715145,1.6944789723811366,0.5360789006591724,-0.0024195736205653295,0.0,0.534724610265923,0.5384984742797377,0.5371380713435286,0.06119610282899496,0.060808111458504704,0.0003879913704902538,0.06104150376892432,0.23331129999132827
unified_risk,1,,1024,8192,80,1,64,16,32,1.0,0.0,0.25,0.25,0.35,64.0,16,1.0,16.0,whitened_raw,0.37800233444697445,0.13088816332608488,0.37800233444697445,0.12072518330440568,8.37684245286943,24.19214940460637,15.815306951736938,33,16,16,16,0,32,32,32,1.03125,1.0,0.4573969407737697,0.14421011344644338,0.3282380569768242,0.3282380569768242,0.6597067078697723,0.49755149229378337,0.49755149229378337,1,0.2728819723024502,0.9278850500779383,0.9278850500779383,1,0.09881394087070063,1.8751770438540036,3.5162889457970397,0.9879447648465964,1.6699314428937333,2.788671023965146,0.9879447648465964,0.009764194910398018,0.9760348583877967,0.8555093585805703,0.7318962626189388,0.9879447648465964,0.9760348583877967,1.4754243587394493,1.0984863586070222,2.1768770383617153,1.6699314428937313,0.9879447648465993,2.7886710239651396,0.681986678047132,0.4083920216900368,0.1965578038389638,0.6190836623263567,0.9999999999999976,59.87879240820728,60.23529411764706,-0.00921523644908584,-2.220446049250313e-16,1.0,0.0,17.028973821898052,21.599999999999962,0.03773644703557725,37.739798950829936,0.062499999999999334,17.0000000000002,15.6165577342048,0.24400871459695,0.3647338979013557,15.131901140228663,60.235294117647086,59.878791780960675,0.25925925925925924,0.252708858849087,0.26412201184001916,2.8879795150402408,0.25727715114256877,0.013268436545618767,0.048623353289577606,1.7840437469603414,0.5353154703250805,-0.0025836642898047213,0.0,0.5371891812132171,0.5378991346148853,0.5397818888432193,0.06090633174329923,0.060479257195222826,0.0004270745480764032,0.06111951604913403,0.2244732000399381
unified_risk,2,,1024,8192,80,1,64,16,32,1.0,0.0,0.25,0.25,0.35,64.0,16,1.0,16.0,whitened_raw,0.37690004596906346,0.1308465726187309,0.37690004596906346,0.12058417283541596,8.374180647598772,24.12160294202005,15.747422294421279,33,16,16,16,0,32,32,32,1.03125,1.0,0.5352250155277142,0.15985235369296263,0.31816265973791413,0.31816265973791413,0.6697821051086826,0.4750241269678103,0.4750241269678103,1,0.2974040441134953,0.8744960302964516,0.8744960302964516,1,0.0982906711798902,1.8671517048592197,3.4862554889586908,0.9879447648465968,1.6699314428937324,2.788671023965143,0.9879447648465968,0.00966105604099337,0.9760348583877974,0.8509956944325007,0.724193671942654,0.9879447648465968,0.9760348583877974,1.5004095440629208,1.1123004600745672,2.251228799915102,1.6699314428937306,0.9879447648465991,2.7886710239651373,0.6819866780471315,0.40839202169003674,0.1905243841547097,0.6457440675374946,0.9999999999999979,60.300039496751225,60.23529411764705,-0.00903621222105544,0.0,1.0,0.0,17.296506147563566,21.599999999999987,0.03772530369333713,38.22566786424981,0.06249999999999931,17.000000000000213,15.616557734204802,0.24400871459695003,0.364592887432366,15.371222173471034,60.23529411764708,60.30003886818939,0.2592592592592593,0.2549123095437995,0.26115111349834724,2.8804732017498,0.2563158731336475,0.012307158536697449,0.041381947489593625,1.6034538573386774,0.5323467266921793,-0.004257482705452453,0.0,0.5328613489380875,0.5366042093976318,0.5371229473733865,0.06070417040549112,0.060312875681290234,0.0003912947242008871,0.06076285343093992,0.23530310002388433
unified_risk,3,,1024,8192,80,1,64,16,32,1.0,0.0,0.25,0.25,0.35,64.0,16,1.0,16.0,whitened_raw,0.37992598600528354,0.13190707528901507,0.37992598600528354,0.1212872156554524,8.442052818496963,24.315263104338143,15.87321028584118,33,16,16,16,0,32,32,32,1.03125,1.0,0.6338791414990467,0.15854896092253423,0.3372267580404857,0.3372267580404857,0.6507180068061102,0.5182379379597631,0.5182379379597631,1,0.30483890752169884,0.9781495425395876,0.9781495425395876,1,0.092670454421635,1.8517771300163948,3.4290785392517558,0.987944764846596,1.6699314428937324,2.788671023965143,0.987944764846596,0.008587813122712222,0.9760348583877958,0.849734275870751,0.7220483395895896,0.987944764846596,0.9760348583877958,1.4641278981592094,1.1152597452491775,2.143670502168104,1.6699314428937306,0.9879447648465989,2.7886710239651373,0.6819866780471318,0.4083920216900369,0.2019404805362093,0.6251447663359339,0.9999999999999979,60.09766875930457,60.23529411764703,-0.00941936945109978,2.220446049250313e-16,1.0,0.0,17.52589451404581,21.599999999999977,0.03617611980116056,40.7883547716237,0.06249999999999929,17.000000000000213,15.616557734204783,0.24400871459694973,0.36529593025240215,15.259656108666372,60.23529411764707,60.09766812515403,0.259259259259259,0.25391427961710555,0.26412356387580715,2.880254794315214,0.2586387703498311,0.014630055752881399,0.04799274433772865,1.63128644202342,0.5362496477277527,-0.0023672073856600973,0.0,0.535717730871172,0.5386168551134128,0.5380825901760141,0.060973780270130166,0.06060519869540117,0.00036858157472899333,0.06091329914595123,0.24073950003366917
unified_risk,4,,1024,8192,80,1,64,16,32,1.0,0.0,0.25,0.25,0.35,64.0,16,1.0,16.0,whitened_raw,0.3780368527407986,0.13181879940189106,0.3780368527407986,0.12139824783799595,8.436403161721026,24.19435857541111,15.757955413690082,33,16,16,16,0,32,32,32,1.03125,1.0,0.5312525988157966,0.1474971568161899,0.3217531658764617,0.3217531658764617,0.6661915989701348,0.48297391677388263,0.48297391677388263,1,0.2857912837261891,0.8931794377976224,0.8931794377976224,1,0.09838399010046489,1.8799781682108403,3.5343179129493865,0.9879447648465964,1.669931442893733,2.7886710239651453,0.9879447648465964,0.009679409508088432,0.9760348583877967,0.8652894736321098,0.7487258731785337,0.9879447648465964,0.9760348583877967,1.4866812973782177,1.1042047337317686,2.2102212799741805,1.6699314428937313,0.9879447648466,2.7886710239651396,0.6819866780471313,0.40839202169003647,0.1926744760964038,0.6253600650570089,0.9999999999999979,60.58904089063203,60.23529411764707,-0.00922770830401709,0.0,1.0,0.0,17.14306476750149,21.599999999999977,0.03715814218090268,38.43061466030015,0.06249999999999916,17.000000000000256,15.616557734204804,0.24400871459695006,0.365406962434946,15.68435033903459,60.23529411764707,60.58904025742554,0.25925925925925936,0.25886447899481924,0.26007930389289924,2.8678523431869105,0.25663860490280266,0.012629890305852598,0.04419270644360533,1.7399562841921365,0.5338013998960137,-0.0027212802887933707,0.0,0.5343763223140267,0.5365226801848071,0.5371005335150357,0.06125685853176945,0.06083097168217358,0.00042588684959587314,0.06132283426962593,0.24637159996200353
unified_risk,5,,1024,8192,80,1,64,16,32,1.0,0.0,0.25,0.25,0.35,64.0,16,1.0,16.0,whitened_raw,0.3785654325980295,0.13161823554833804,0.3785654325980295,0.12102428601713634,8.423567075093635,24.2281876862739,15.804620611180264,33,16,16,16,0,32,32,32,1.03125,1.0,0.5324071394325333,0.14516970414215763,0.3328016321329482,0.3328016321329482,0.6551431327136479,0.5079830887556754,0.5079830887556754,1,0.27984001286724475,0.9530809982473837,0.9530809982473837,1,0.09420021562985463,1.869165173528697,3.4937784459325636,0.9879447648465961,1.6699314428937326,2.788671023965144,0.9879447648465961,0.008873680624711392,0.976034858387796,0.8566397757141432,0.7338317053355775,0.9879447648465961,0.976034858387796,1.4956513217730996,1.113488237715114,2.23697287632162,1.6699314428937306,0.9879447648465992,2.7886710239651373,0.6819866780471314,0.40839202169003663,0.19929059576017955,0.6402732488449262,0.9999999999999976,60.669189327128315,60.23529411764704,-0.008906472702455037,0.0,1.0,0.0,17.36492175047878,21.599999999999973,0.03809522772606229,37.4978772798659,0.062499999999999375,17.000000000000195,15.616557734204791,0.24400871459694987,0.3650330006140862,15.595038876669918,60.23529411764707,60.66918869043725,0.2592592592592592,0.2570503943318435,0.26050489469742005,2.8762384712185094,0.25754114658089317,0.013532431983943272,0.04835774500326019,1.7740695147294345,0.5372124708516348,-0.0019231435037078137,0.0,0.5384808433095064,0.5391356143553426,0.5404085274044793,0.061211914204114655,0.06080597343984803,0.0004059407642666227,0.06135643710758899,0.24354170000879094
unified_risk,6,,1024,8192,80,1,64,16,32,1.0,0.0,0.25,0.25,0.35,64.0,16,1.0,16.0,whitened_raw,0.3783436063473335,0.13173393506416978,0.3783436063473335,0.12145757416516909,8.430971844106862,24.213990806229347,15.783018962122485,33,16,16,16,0,32,32,32,1.03125,1.0,0.5252199149923854,0.14432190536345146,0.309226895161687,0.309226895161687,0.678717869684909,0.45560446980015995,0.45560446980015995,1,0.2714479154397219,0.8295607770989547,0.8295607770989547,1,0.09583310263017418,1.9023959738684533,3.6191104413909008,0.987944764846596,1.6699314428937326,2.788671023965144,0.987944764846596,0.009183983559725505,0.9760348583877958,0.8562165658650083,0.733106807661668,0.987944764846596,0.9760348583877958,1.515042136260171,1.0931484248536503,2.2953526746437825,1.6699314428937306,0.9879447648465991,2.7886710239651373,0.6819866780471315,0.4083920216900367,0.18517340725427905,0.634231176919163,0.9999999999999976,60.77715682737096,60.235294117647044,-0.008992901038663792,0.0,1.0,0.0,16.793396557418404,21.599999999999977,0.03656851048652627,39.36157502369472,0.06249999999999931,17.000000000000213,15.616557734204806,0.2440087145969501,0.3654662887621192,15.38639879149561,60.235294117647086,60.77715619496849,0.25925925925925936,0.2531608873264358,0.2596866972763872,2.8720284273223604,0.25688603218216444,0.01287731758521432,0.0474393681172839,1.7799517788740271,0.5355512998106096,-0.0019241429903282814,0.0,0.5344477759144632,0.5374754428009378,0.5363679541347122,0.06086739471088417,0.06051583597764246,0.0003515587332417122,0.06074197512067239,0.22936389996903017
unified_risk,7,,1024,8192,80,1,64,16,32,1.0,0.0,0.25,0.25,0.35,64.0,16,1.0,16.0,whitened_raw,0.3768807903299741,0.13197993254354598,0.3768807903299741,0.1214344975769759,8.446715682786941,24.120370581118337,15.673654898331396,34,16,16,16,0,32,32,32,1.0625,1.0,0.5555537602548705,0.14723561271694355,0.3443664793509154,0.3443664793509154,0.6435782854956811,0.5350809483661897,0.5350809483661897,1,0.30720809542767574,1.019981863291211,1.0,1,0.09453079902241557,1.8665985900502178,3.484190296377461,0.9879447648465965,1.669931442893733,2.7886710239651453,0.9879447648465965,0.00893607196381633,0.9760348583877969,0.8355224922822035,0.6980978351094649,0.9879447648465965,0.9760348583877969,1.4557992603626595,1.0911945843592945,2.1193514864724663,1.669931442893731,0.9879447648465995,2.7886710239651387,0.6819866780471315,0.4083920216900366,0.2062159382747962,0.6082766170022263,0.9999999999999976,60.451626336642136,60.23529411764707,-0.010000374460673811,-2.220446049250313e-16,1.0,0.0,17.350265397241404,21.599999999999977,0.038468235543116715,36.72576046559462,0.06249999999999929,17.000000000000213,15.616557734204825,0.2440087145969504,0.3654432121739263,15.458785543246053,60.2352941176472,60.4516257033224,0.2592592592592592,0.25572158504244236,0.2592759866418279,2.8555916272015414,0.25544629275299824,0.011437578156047845,0.03723071861151696,1.7349490930844753,0.5329725600930795,-0.002504250438107758,0.0,0.5341647789490872,0.5354768105311872,0.5366746312039038,0.061149510813048084,0.06073327185256095,0.0004162389604871336,0.06128629759211647,0.248541800014209
unified_risk,8,,1024,8192,80,1,64,16,32,1.0,0.0,0.25,0.25,0.35,64.0,16,1.0,16.0,whitened_raw,0.37670461485427853,0.13194334568546862,0.37670461485427853,0.12145748693115135,8.444374123869995,24.109095350673826,15.664721226803831,32,16,16,16,0,32,32,32,1.0,1.0,0.5660299964433019,0.14523696932531718,0.32806119685563556,0.32806119685563556,0.6598835679909607,0.4971501227927674,0.4971501227927674,1,0.26784415165466813,0.9269216665361633,0.9269216665361633,1,0.8557533700676446,1.8556673575902485,3.443501342025975,0.9879447648465962,1.669931442893733,2.7886710239651453,0.9879447648465962,0.7323138303821309,0.9760348583877962,0.8557533700676446,0.7323138303821312,0.9879447648465962,0.9760348583877962,1.439236204578136,1.0946035199559367,2.071400852568478,1.6699314428937313,0.9879447648465991,2.7886710239651396,0.6819866780471322,0.40839202169003697,0.1964518952270018,0.6015391448489388,0.9999999999999979,59.73261721318222,60.235294117647065,-0.01049996095276362,0.0,1.0,0.0,17.346477111589767,21.599999999999973,0.03744463037669167,39.44048441585129,0.06249999999999937,17.0000000000002,15.616557734204804,0.24400871459695006,0.3654662015281014,15.347944795827258,60.23529411764709,59.73261657917177,0.2592592592592593,0.25694412324101923,0.2622473637337022,2.8550482246545483,0.2552471279231272,0.011238413326177144,0.04195877810566066,1.7574528655400237,0.5340465566963398,-0.0021407981253386277,0.0,0.533536937917275,0.5361873548216785,0.5356756931665512,0.06106181874463745,0.06068552296528045,0.00037629577935700126,0.061003549949293794,0.24785089999204502
unified_risk,9,,1024,8192,80,1,64,16,32,1.0,0.0,0.25,0.25,0.35,64.0,16,1.0,16.0,whitened_raw,0.37850929391630705,0.13149051986603388,0.37850929391630705,0.12126301416570659,8.415393271426169,24.224594810643648,15.80920153921748,33,16,16,16,0,32,32,32,1.03125,1.0,0.4698820346813223,0.16055476648534706,0.32493492760803466,0.32493492760803466,0.6630098372385619,0.4900906583247538,0.4900906583247538,1,0.2799297344946923,0.9100499499258418,0.9100499499258418,1,0.0985277393647589,1.8689017753804118,3.492793846020055,0.9879447648465965,1.669931442893733,2.7886710239651453,0.9879447648465965,0.009707715424330163,0.9760348583877969,0.8325760384758483,0.6931828598441372,0.9879447648465965,0.9760348583877969,1.5129198753362658,1.0930803224532655,2.288926549187502,1.6699314428937313,0.9879447648465993,2.7886710239651396,0.681986678047132,0.40839202169003685,0.19457980085995186,0.6553282701742252,0.9999999999999979,60.88701274786953,60.23529411764706,-0.008241048713424126,2.220446049250313e-16,1.0,0.0,17.432180492773327,21.59999999999997,0.036962141545923304,38.94786944243754,0.062499999999999334,17.000000000000213,15.616557734204806,0.2440087145969501,0.3652717287626567,15.372977559519377,60.23529411764707,60.88701211305886,0.2592592592592594,0.2524836911191152,0.2596481743899989,2.878605197560574,0.25724627975060044,0.013237565153650377,0.047288885468154414,1.602233838221663,0.537524804296982,-0.001771987455174151,0.0,0.5364818181366864,0.5392967917521562,0.5382503673163108,0.0611136134130786,0.0607360867529796,0.00037752666009900626,0.06099503162394821,0.24009119998663664
unified_risk,0,,2048,8192,80,1,64,16,32,1.0,0.0,0.25,0.25,0.35,64.0,16,1.0,16.0,whitened_raw,0.37297354592904136,0.1261354869888322,0.37297354592904136,0.12133211148400795,8.072671167285261,23.87030693945865,15.79763577217339,32,16,16,16,0,32,32,32,1.0,1.0,0.3339948479453205,0.10581909697394223,0.23691582680170611,0.23691582680170611,0.7510289380448902,0.3154549908801853,0.3154549908801853,1,0.18720655698290614,0.5323103639313908,0.5323103639313908,1,0.8973773984937621,1.8228527084213215,3.3227919965989474,0.9879447648465963,1.6699314428937326,2.788671023965144,0.9879447648465963,0.805286195327432,0.9760348583877965,0.8973773984937621,0.8052861953274323,0.9879447648465963,0.9760348583877965,1.5247134050076292,1.0684916226493486,2.3247509674099587,1.6699314428937302,0.987944764846599,2.7886710239651356,0.6819866780471312,0.4083920216900365,0.14187158868699884,0.6996378255965056,0.999999999999997,60.59121336436013,60.235294117647044,-0.005001363653123203,0.0,1.0,0.0,18.235030488329823,21.599999999999977,0.04489562433648296,29.552462166560783,0.06249999999999923,17.000000000000245,15.616557734204799,0.24400871459694998,0.3653408260809579,15.280286598968601,60.235294117647065,60.5912127656146,0.2592592592592593,0.25218651189698804,0.26072486506060694,2.9569279417937615,0.2516414344450334,0.007632719848083447,0.04077164801861289,2.378034226723742,0.535574210282166,-0.0007599470774362072,0.0,0.5341355732204064,0.5363341573596022,0.5348934789597618,0.05995002652347845,0.059761184611344546,0.00018884191213390522,0.05978899126757114,0.2299199000117369
unified_risk,1,,2048,8192,80,1,64,16,32,1.0,0.0,0.25,0.25,0.35,64.0,16,1.0,16.0,whitened_raw,0.37224928837934634,0.12564083873476276,0.37224928837934634,0.12079133577516056,8.041013679024815,23.823954456278173,15.782940777253359,32,16,16,16,0,32,32,32,1.0,1.0,0.35804370673319014,0.10208198866611501,0.23937356859047929,0.23937356859047929,0.7485711962561171,0.3197739504106964,0.3197739504106964,1,0.19806297783043444,0.5408189759321224,0.5408189759321224,1,0.898782640091338,1.8401909991796284,3.386302913461719,0.9879447648465964,1.6699314428937333,2.788671023965146,0.9879447648465964,0.8078102341295554,0.9760348583877967,0.898782640091338,0.8078102341295557,0.9879447648465964,0.9760348583877967,1.5226400692985518,1.0657553232631463,2.318432780633499,1.6699314428937313,0.9879447648465993,2.7886710239651396,0.681986678047132,0.4083920216900368,0.14334335077593477,0.6846501449757879,0.9999999999999976,59.93034913173504,60.23529411764706,-0.005026926372731388,-2.220446049250313e-16,1.0,0.0,17.69787011477659,21.599999999999962,0.04566972446716619,28.555389208609455,0.062499999999999334,17.0000000000002,15.6165577342048,0.24400871459695,0.36480005037211055,15.375999698094038,60.235294117647086,59.930348534640856,0.25925925925925924,0.25656449652059715,0.26335473033550816,2.9628048660610466,0.2514579526041858,0.007449238007235792,0.037610451427289096,2.4632940236562466,0.5351764570089973,-0.0010717394086053877,0.0,0.5359163022434698,0.5362481964176027,0.5369895232592791,0.05973590633186291,0.05956029843737565,0.00017560789448726327,0.05981848717982009,0.23581809998722747
unified_risk,2,,2048,8192,80,1,64,16,32,1.0,0.0,0.25,0.25,0.35,64.0,16,1.0,16.0,whitened_raw,0.3721656090880891,0.12624843735944524,0.3721656090880891,0.12131455075016088,8.079899991004496,23.818598981637706,15.73869899063321,32,16,16,16,0,32,32,32,1.0,1.0,0.34972491646939935,0.09889211570609442,0.22575642578900013,0.22575642578900013,0.7621883390575966,0.2961950665213999,0.2961950665213999,1,0.20304701249838514,0.4948300220592758,0.4948300220592758,1,0.87344570237777,1.7980482173871506,3.23297739204911,0.9879447648465968,1.6699314428937324,2.788671023965143,0.9879447648465968,0.7629073950021956,0.9760348583877974,0.87344570237777,0.762907395002196,0.9879447648465968,0.9760348583877974,1.5268662564092321,1.0670409691949598,2.331320564961143,1.6699314428937306,0.9879447648465991,2.7886710239651373,0.6819866780471315,0.40839202169003674,0.13518903829836226,0.7211063617996774,0.9999999999999979,60.10835201635723,60.23529411764705,-0.00469043414970427,0.0,1.0,0.0,18.592258691379108,21.599999999999987,0.04498245482164274,29.427865834666285,0.06249999999999931,17.000000000000213,15.616557734204802,0.24400871459695003,0.3653232653471109,15.417798603548958,60.23529411764708,60.10835141901869,0.2592592592592593,0.25650010754862695,0.261838806406748,2.9478828955996232,0.2508510583379282,0.006842343740978196,0.03369832265339345,2.5366133239929156,0.5327589745137373,-0.0008764006795293211,0.0,0.534163755634141,0.5336353751932666,0.5350424672106939,0.05990792821689613,0.05974206145180667,0.00016586676508946463,0.060065893695747816,0.242751199984923
unified_risk,3,,2048,8192,80,1,64,16,32,1.0,0.0,0.25,0.25,0.35,64.0,16,1.0,16.0,whitened_raw,0.37097818702913915,0.1265709777168583,0.37097818702913915,0.12156076210614192,8.10054257387893,23.742603969864913,15.642061395985984,32,16,16,16,0,32,32,32,1.0,1.0,0.35679941436242535,0.10167669255954295,0.23102249399001162,0.23102249399001162,0.7569222708565844,0.3052129695279952,0.3052129695279952,1,0.19707119506028634,0.5122856806755851,0.5122856806755851,1,0.8984935590056207,1.8168723959235704,3.3010253030690553,0.987944764846596,1.6699314428937324,2.788671023965143,0.987944764846596,0.8072906755745871,0.9760348583877958,0.8984935590056207,0.8072906755745868,0.987944764846596,0.9760348583877958,1.537827520883845,1.0613068559897552,2.3649134839877526,1.6699314428937306,0.9879447648465989,2.7886710239651373,0.6819866780471318,0.4083920216900369,0.1383425020069599,0.7164178601687865,0.9999999999999979,60.4616670520863,60.23529411764703,-0.004869984476121747,2.220446049250313e-16,1.0,0.0,18.316026537534686,21.599999999999977,0.04626446531553951,28.129652176617228,0.06249999999999929,17.000000000000213,15.616557734204783,0.24400871459694973,0.36556947670309164,15.455237137033018,60.23529411764707,60.46166644908093,0.259259259259259,0.25562042935169466,0.25871039147025954,2.930989344642849,0.24941742492299723,0.005408710326047506,0.02744546367820482,2.4530442389924882,0.5327202830472106,-0.0004587727916909312,0.0,0.5314315225367623,0.5331790558389016,0.5318891854622139,0.0601937588223321,0.05998670510812891,0.00020705371420318835,0.060048137674021514,0.26708229997893795
unified_risk,4,,2048,8192,80,1,64,16,32,1.0,0.0,0.25,0.25,0.35,64.0,16,1.0,16.0,whitened_raw,0.3709743254650966,0.12601597182631102,0.3709743254650966,0.12099481616673438,8.065022196883904,23.742356829766177,15.677334632882273,32,16,16,16,0,32,32,32,1.0,1.0,0.37159784088148573,0.10697405280147805,0.23693228855146434,0.23693228855146434,0.7510124762951321,0.31548382487637255,0.31548382487637255,1,0.2055114532317837,0.5323670412956821,0.5323670412956821,1,0.9068153049378994,1.8364037707660532,3.372378809283779,0.9879447648465964,1.669931442893733,2.7886710239651453,0.9879447648465964,0.8223139972696168,0.9760348583877967,0.9068153049378994,0.8223139972696155,0.9879447648465964,0.9760348583877967,1.509342859135155,1.0862773517031292,2.2781158664222843,1.6699314428937313,0.9879447648466,2.7886710239651396,0.6819866780471313,0.40839202169003647,0.14188144642686487,0.675521937260099,0.9999999999999979,60.5846618444113,60.23529411764707,-0.0053520851474517794,0.0,1.0,0.0,17.964963389530425,21.599999999999977,0.045611288075737735,28.881321323141886,0.06249999999999916,17.000000000000256,15.616557734204804,0.24400871459695006,0.3650035307636844,15.540308755352081,60.23529411764707,60.58466124464164,0.25925925925925936,0.2565056639105419,0.2587673894812582,2.9438675120992914,0.24997950929836224,0.005970794701412208,0.029053342806535053,2.33682376942634,0.5316592644091083,-0.0015156575570148823,0.0,0.5334747179306307,0.5331749219661231,0.5349955509939022,0.05972544539294257,0.059512530194023944,0.00021291519891862565,0.05992938949289844,0.247653900005389
unified_risk,5,,2048,8192,80,1,64,16,32,1.0,0.0,0.25,0.25,0.35,64.0,16,1.0,16.0,whitened_raw,0.37374507503728577,0.12583949617229984,0.37374507503728577,0.12088106328249329,8.053727755027193,23.91968480238628,15.865957047359085,32,16,16,16,0,32,32,32,1.0,1.0,0.35715374793099913,0.09999491577152875,0.22400491461636354,0.22400491461636354,0.7639398502302326,0.2932232355058504,0.2932232355058504,1,0.19133525532900333,0.48911317546430183,0.48911317546430183,1,0.8966218752950056,1.8215047426312405,3.3178795274281017,0.9879447648465961,1.6699314428937326,2.788671023965144,0.9879447648465961,0.803930787257533,0.976034858387796,0.8966218752950056,0.8039307872575325,0.9879447648465961,0.976034858387796,1.534519453438864,1.0801160162664896,2.35474995298231,1.6699314428937306,0.9879447648465992,2.7886710239651373,0.6819866780471314,0.40839202169003663,0.1341401861553057,0.7097153267670407,0.9999999999999976,60.00160047151121,60.23529411764704,-0.0044236338655525564,0.0,1.0,0.0,18.084321620327863,21.599999999999973,0.04521991229442316,28.83597245062395,0.062499999999999375,17.000000000000195,15.616557734204791,0.24400871459694987,0.36488977787944316,15.645036058967523,60.23529411764707,60.00159987550212,0.2592592592592592,0.26074364835986963,0.2644255666562143,2.9700140767057173,0.25286401175479245,0.008855297157842612,0.04628157598355734,2.5287686859254266,0.53689750755763,-0.0005345307896900131,0.0,0.5353867095619309,0.53743203834732,0.53591973621343,0.05983822793163652,0.059632502271737935,0.00020572565989858405,0.05966984667906459,0.24883039999986067
unified_risk,6,,2048,8192,80,1,64,16,32,1.0,0.0,0.25,0.25,0.35,64.0,16,1.0,16.0,whitened_raw,0.36997848669204536,0.12609796889654484,0.36997848669204536,0.12132193941493351,8.070270009378868,23.678623148290903,15.608353138912035,32,16,16,16,0,32,32,32,1.0,1.0,0.35982570409188847,0.10199552114443851,0.21210070236920547,0.21210070236920547,0.7758440624773906,0.2733805833248694,0.2733805833248694,1,0.18459448765977254,0.4513875990088831,0.4513875990088831,1,0.9036414259656635,1.8200869127418688,3.3127163699342272,0.987944764846596,1.6699314428937326,2.788671023965144,0.987944764846596,0.8165678267212583,0.9760348583877958,0.9036414259656635,0.8165678267212578,0.987944764846596,0.9760348583877958,1.5361951155702438,1.0787448570626899,2.3598954331018747,1.6699314428937306,0.9879447648465991,2.7886710239651373,0.6819866780471315,0.4083920216900367,0.1270116227057009,0.7123747310575609,0.9999999999999976,60.6548355463392,60.235294117647044,-0.004334330707245648,0.0,1.0,0.0,18.309697774561812,21.599999999999977,0.044984724445896164,29.21755628362998,0.06249999999999931,17.000000000000213,15.616557734204806,0.2440087145969501,0.3653306540118836,15.507662886942876,60.235294117647086,60.654834949689445,0.25925925925925936,0.25567067983625397,0.2573307330216707,2.934055876788853,0.24865654727711184,0.004647832680161779,0.02517861036418505,2.4379163367868166,0.529596763579158,-0.0006397690778732201,0.0,0.5321560416654332,0.5302365326570312,0.5327989024294606,0.060109022184879186,0.05990900838168871,0.0002000138031904783,0.06039949923051959,0.2608112000161782
unified_risk,7,,2048,8192,80,1,64,16,32,1.0,0.0,0.25,0.25,0.35,64.0,16,1.0,16.0,whitened_raw,0.37206676905215164,0.12604645343722495,0.37206676905215164,0.12100569902155224,8.066973019982399,23.812273219337698,15.745300199355299,32,16,16,16,0,32,32,32,1.0,1.0,0.3513569570830901,0.10242257155999346,0.22670202921370386,0.22670202921370386,0.7612427356328927,0.29780517908683246,0.29780517908683246,1,0.19136050937089677,0.49793470918595806,0.49793470918595806,1,0.8836962388075642,1.7798548894630761,3.167883427545619,0.9879447648465965,1.669931442893733,2.7886710239651453,0.9879447648465965,0.7809190424826343,0.9760348583877969,0.8836962388075642,0.7809190424826356,0.9879447648465965,0.9760348583877969,1.5293911063731693,1.079460347599247,2.339037156253347,1.669931442893731,0.9879447648465995,2.7886710239651387,0.6819866780471315,0.4083920216900366,0.13575529113989512,0.7383596050014891,0.9999999999999976,60.256382926833666,60.23529411764707,-0.004229265262534865,-2.220446049250313e-16,1.0,0.0,19.02102280749595,21.599999999999977,0.04451766693547917,29.925455756387866,0.06249999999999929,17.000000000000213,15.616557734204825,0.2440087145969504,0.3650144136185026,15.560217241280997,60.2352941176472,60.256382329574706,0.2592592592592592,0.2582335121974924,0.2613051031380501,2.9518225932271265,0.2510610700305994,0.007052355433649016,0.036853765998187606,2.451227949139529,0.5348463534314098,-0.0005349196820437774,0.0,0.5348775791597119,0.5353812731134536,0.535412530071765,0.06005192352554991,0.059836270128415275,0.00021565339713463388,0.060055429513832324,0.26768629997968674
unified_risk,8,,2048,8192,80,1,64,16,32,1.0,0.0,0.25,0.25,0.35,64.0,16,1.0,16.0,whitened_raw,0.3710719976619637,0.12624354989655412,0.3710719976619637,0.12135911679021207,8.079587193379464,23.74860785036568,15.669020656986216,32,16,16,16,0,32,32,32,1.0,1.0,0.3381069004417569,0.10662062880296239,0.22091826998539402,0.22091826998539402,0.7670264948612022,0.2880190859969843,0.2880190859969843,1,0.1818507402381987,0.4791442356983446,0.4791442356983446,1,0.8939594687767077,1.798724047221342,3.2354081980523244,0.9879447648465962,1.669931442893733,2.7886710239651453,0.9879447648465962,0.7991635318155342,0.9760348583877962,0.8939594687767077,0.7991635318155335,0.9879447648465962,0.9760348583877962,1.5254126924590399,1.0615453535259647,2.3268838823151374,1.6699314428937313,0.9879447648465991,2.7886710239651396,0.6819866780471322,0.40839202169003697,0.1322918200777014,0.719193294903528,0.9999999999999979,59.93986469465184,60.235294117647065,-0.00463319445526289,0.0,1.0,0.0,18.526214012418865,21.599999999999973,0.04303225279089801,30.55724435101215,0.06249999999999937,17.0000000000002,15.616557734204804,0.24400871459695006,0.3653678313871621,15.391328595555137,60.23529411764709,59.93986409799872,0.2592592592592593,0.25677950437777225,0.26141234873953234,2.9393343102758576,0.24971288087175164,0.005704166274801581,0.03136729752834622,2.3420691068444865,0.5325397045978901,-0.0002907957144420159,0.0,0.532686884597751,0.5328305003123321,0.5329777606804977,0.06015972077641987,0.0599651285968303,0.00019459217958957276,0.06017634734457819,0.24691799998981878
unified_risk,9,,2048,8192,80,1,64,16,32,1.0,0.0,0.25,0.25,0.35,64.0,16,1.0,16.0,whitened_raw,0.37174326145166614,0.12591504022302805,0.37174326145166614,0.12087527726492805,8.058562574273795,23.791568732906626,15.733006158632831,32,16,16,16,0,32,32,32,1.0,1.0,0.31098539822535315,0.10141351318145318,0.21993689274996808,0.21993689274996808,0.7680078720966285,0.28637322707324575,0.28637322707324575,1,0.1822007873659049,0.476002586189965,0.476002586189965,1,0.8994139615182006,1.8296605788055225,3.3476578336349596,0.9879447648465965,1.669931442893733,2.7886710239651453,0.9879447648465965,0.808945474173865,0.9760348583877969,0.8994139615182006,0.8089454741738633,0.9879447648465965,0.9760348583877969,1.5366304696848907,1.061843917297905,2.361233200364008,1.6699314428937313,0.9879447648465993,2.7886710239651396,0.681986678047132,0.40839202169003685,0.13170414491318963,0.7053388720436012,0.9999999999999979,60.8068388013353,60.23529411764706,-0.0049324322067443305,2.220446049250313e-16,1.0,0.0,18.163994596577368,21.59999999999997,0.04552593330812511,28.974741403748443,0.062499999999999334,17.000000000000213,15.616557734204806,0.2440087145969501,0.36488399186187814,15.621575998165955,60.23529411764707,60.806838202710765,0.2592592592592594,0.25690492154991784,0.2587374483472396,2.9523340563066403,0.25086798418673806,0.006859269589787997,0.037646761514882277,2.4737135744215353,0.5351860064051057,-0.000360452797201094,0.0,0.5353817251177274,0.5355464592023068,0.535742309733318,0.0599288216509895,0.059753634872061846,0.00017518677892765233,0.05995073775432945,0.24552090000361204
unified_risk,0,,4096,8192,80,1,64,16,32,1.0,0.0,0.25,0.25,0.35,64.0,16,1.0,16.0,whitened_raw,0.3691951660245014,0.12377494335179914,0.3691951660245014,0.12139328502220464,7.921596374515146,23.628490625568094,15.706894251052947,32,16,16,16,0,32,32,32,1.0,1.0,0.26524218613402983,0.07187149711388081,0.1682058330453763,0.1682058330453763,0.81973893180122,0.20519439362941572,0.20519439362941572,1,0.1506726138995542,0.3273882914899285,0.3273882914899285,1,0.9236843718142849,1.769368294956559,3.1306641631974808,0.9879447648465963,1.6699314428937326,2.788671023965144,0.9879447648465963,0.8531928187339504,0.9760348583877965,0.9236843718142849,0.85319281873395,0.9879447648465963,0.9760348583877965,1.5513779619966768,1.0396170278106154,2.406773580968962,1.6699314428937302,0.987944764846599,2.7886710239651356,0.6819866780471312,0.4083920216900365,0.10072619074343654,0.7687741180487471,0.999999999999997,60.54229925895916,60.235294117647044,-0.0025283884423763503,0.0,1.0,0.0,19.338484137220497,21.599999999999977,0.04989140189072418,25.09624223194879,0.06249999999999923,17.000000000000245,15.616557734204799,0.24400871459694998,0.36540199961915465,15.60149104148725,60.235294117647065,60.54229867838923,0.2592592592592593,0.2576957165826321,0.259436701181278,2.982794061760602,0.24780188100229678,0.0037931664053467706,0.025174889498336326,3.447846377954994,0.5322946786883073,-0.00015688244777578575,0.0,0.5313909948058612,0.532451561136083,0.5315476109121814,0.05928551021185332,0.059179300700290975,0.00010620951156234404,0.05918486039853362,0.2778090000501834
unified_risk,1,,4096,8192,80,1,64,16,32,1.0,0.0,0.25,0.25,0.35,64.0,16,1.0,16.0,whitened_raw,0.3660154103556249,0.12407062732156195,0.3660154103556249,0.12161221724040402,7.940520148579964,23.424986262759987,15.484466114180023,32,16,16,16,0,32,32,32,1.0,1.0,0.2689409545757629,0.07003945447116296,0.16719095263583353,0.16719095263583353,0.8207538122107629,0.20370414385952343,0.20370414385952343,1,0.14600458819110254,0.3247714469700686,0.3247714469700686,1,0.926249498210843,1.7868038708676912,3.192668072947765,0.9879447648465964,1.6699314428937333,2.788671023965146,0.9879447648465964,0.8579381329358384,0.9760348583877967,0.926249498210843,0.8579381329358384,0.9879447648465964,0.9760348583877967,1.5728212973877005,1.0469572514305716,2.473766833516329,1.6699314428937313,0.9879447648465993,2.7886710239651396,0.681986678047132,0.4083920216900368,0.10011845297440321,0.7748274411853657,0.9999999999999976,60.16088590633193,60.23529411764706,-0.002607399094772589,-2.220446049250313e-16,1.0,0.0,18.84345147436071,21.599999999999962,0.04892634122382377,25.64425550010306,0.062499999999999334,17.0000000000002,15.6165577342048,0.24400871459695,0.365620931837354,15.532874787469744,60.235294117647086,60.160885324679626,0.25925925925925924,0.258188932952716,0.25738427934716374,2.9500569011148694,0.24440319311522088,0.0003944785182709021,0.0027018227519985667,3.4895073778144283,0.5274621118742319,1.7135062814421786e-05,0.0002446487189799106,0.5301885150977769,0.5274449768114174,0.5301712914653961,0.05933077336223998,0.05925389642387076,7.687693836921916e-05,0.0596374486818671,0.2660590999876149
unified_risk,2,,4096,8192,80,1,64,16,32,1.0,0.0,0.25,0.25,0.35,64.0,16,1.0,16.0,whitened_raw,0.36814173523511334,0.12409482657913654,0.36814173523511334,0.12158606070334403,7.94206890106474,23.56107105504725,15.61900215398251,32,16,16,16,0,32,32,32,1.0,1.0,0.2315126643118932,0.07090442405825569,0.1634343501108732,0.1634343501108732,0.8245104147357236,0.19821987350306308,0.19821987350306308,1,0.1356783555834666,0.31517426748677707,0.31517426748677707,1,0.92834719629937,1.7665464852443673,3.1206864845292275,0.9879447648465968,1.6699314428937324,2.788671023965143,0.9879447648465968,0.8618285168769015,0.9760348583877974,0.92834719629937,0.8618285168769011,0.9879447648465968,0.9760348583877974,1.5704840219287637,1.04694125431992,2.4664200631335453,1.6699314428937306,0.9879447648465991,2.7886710239651373,0.6819866780471315,0.40839202169003674,0.09786889803551864,0.790345353613956,0.9999999999999979,60.335790211804074,60.23529411764705,-0.0023386883459286523,0.0,1.0,0.0,19.33414026398299,21.599999999999987,0.05105187811818898,24.203939288465993,0.06249999999999931,17.000000000000213,15.616557734204802,0.24400871459695003,0.36559477530029405,15.620654089521654,60.23529411764708,60.335789627227996,0.2592592592592593,0.2588953287266245,0.2588679496942235,2.966616299675842,0.2465556745317693,0.002546959934819293,0.018772043071029514,3.4772960616561392,0.5302997338178435,0.0006751596036608243,0.009522108283484643,0.5314391833714855,0.5296245742141826,0.5307625730593669,0.05927306172620708,0.05918213758697426,9.092413923282583e-05,0.05940042114093032,0.2697213999927044
unified_risk,3,,4096,8192,80,1,64,16,32,1.0,0.0,0.25,0.25,0.35,64.0,16,1.0,16.0,whitened_raw,0.3685745366379306,0.12332622538972497,0.3685745366379306,0.12110240569986525,7.892878424942396,23.588770344827555,15.69589191988516,32,16,16,16,0,32,32,32,1.0,1.0,0.24912670439259724,0.0696551416674051,0.1594108117945251,0.1594108117945251,0.8285339530520709,0.19240106118440098,0.19240106118440098,1,0.14487981876392997,0.3050481702066737,0.3050481702066737,1,0.9272437745479561,1.7630633611271078,3.1083924153488147,0.987944764846596,1.6699314428937324,2.788671023965143,0.987944764846596,0.859781017437941,0.9760348583877958,0.9272437745479561,0.8597810174379409,0.987944764846596,0.9760348583877958,1.5733220367899248,1.0476019733847266,2.4753422314487974,1.6699314428937306,0.9879447648465989,2.7886710239651373,0.6819866780471318,0.4083920216900369,0.09545949474326375,0.7963416135060353,0.9999999999999979,60.20539612397874,60.23529411764703,-0.0023671439929215943,2.220446049250313e-16,1.0,0.0,19.36866009152923,21.599999999999977,0.0490816127985078,25.614850196018654,0.06249999999999929,17.000000000000213,15.616557734204783,0.24400871459694973,0.365111120296815,15.61162693312658,60.23529411764707,60.20539554294021,0.259259259259259,0.25930611023046796,0.26070573539692804,2.9886144287088405,0.24747213093806536,0.0034634163411156327,0.023905443633657434,3.552819289632845,0.5313861973386589,-0.0004904811825381383,0.0,0.532139224016369,0.531876678521197,0.5326304002591424,0.0589880152865328,0.05889988031613273,8.813497040006946e-05,0.05907160712500809,0.2830678999889642
unified_risk,4,,4096,8192,80,1,64,16,32,1.0,0.0,0.25,0.25,0.35,64.0,16,1.0,16.0,whitened_raw,0.3687153401210993,0.12377008697921763,0.3687153401210993,0.1214608994996148,7.921285566669927,23.597781767750348,15.676496201080422,32,16,16,16,0,32,32,32,1.0,1.0,0.23977715184487228,0.06939196225130405,0.15874071785078173,0.15874071785078173,0.8292040469958147,0.19143746153422106,0.19143746153422106,1,0.13258571393861426,0.3033768627496212,0.3033768627496212,1,0.9187980872025662,1.7719525514063093,3.1398158444353292,0.9879447648465964,1.669931442893733,2.7886710239651453,0.9879447648465964,0.8441899250470946,0.9760348583877967,0.9187980872025662,0.8441899250470943,0.9879447648465964,0.9760348583877967,1.5624904305387792,1.0581598402412051,2.4413763455252595,1.6699314428937313,0.9879447648466,2.7886710239651396,0.6819866780471313,0.40839202169003647,0.09505822441172111,0.7775539924903849,0.9999999999999979,60.03497783718039,60.23529411764707,-0.0026550390087694,0.0,1.0,0.0,19.1205410800063,21.599999999999977,0.050324175838184514,24.741054801276356,0.06249999999999916,17.000000000000256,15.616557734204804,0.24400871459695006,0.36546961409656487,15.604534323923044,60.23529411764707,60.034977255611786,0.25925925925925936,0.25992404823413845,0.2611227140860632,2.979034346021028,0.2472544406214845,0.0032457260245344344,0.02448020927833273,3.5631567778130955,0.5308721452226853,-0.0005762541897865736,0.0,0.5318637492684831,0.5314483994124719,0.5324410798304078,0.05915318501906924,0.05907552712772741,7.765789134183548e-05,0.059263675912431396,0.28847020003013313
unified_risk,5,,4096,8192,80,1,64,16,32,1.0,0.0,0.25,0.25,0.35,64.0,16,1.0,16.0,whitened_raw,0.3691501403945152,0.12344721660691622,0.3691501403945152,0.12099544092216558,7.900621862842638,23.625608985248984,15.724987122406347,32,16,16,16,0,32,32,32,1.0,1.0,0.2305542615269679,0.07372881576770261,0.15680779386983162,0.15680779386983162,0.8311369709767644,0.18866660892915013,0.18866660892915013,1,0.12320445804806864,0.29857977651838247,0.29857977651838247,1,0.9391739121700973,1.7720161347940044,3.1400411819702834,0.9879447648465961,1.6699314428937326,2.788671023965144,0.9879447648465961,0.8820476373008859,0.976034858387796,0.9391739121700973,0.8820476373008855,0.9879447648465961,0.976034858387796,1.5776800039612915,1.0539386349759101,2.4890741948993007,1.6699314428937306,0.9879447648465992,2.7886710239651373,0.6819866780471314,0.40839202169003663,0.09390073738482821,0.7926883918565297,0.9999999999999976,60.23599944398624,60.23529411764704,-0.0026426704788098387,0.0,1.0,0.0,19.18318772054764,21.599999999999973,0.04986341132437838,24.731774646171022,0.062499999999999375,17.000000000000195,15.616557734204791,0.24400871459694987,0.36500415551911547,15.69876005526881,60.23529411764707,60.23599886114569,0.2592592592592592,0.26062089700640884,0.26105630220651177,2.99034802518045,0.24815469947234964,0.004145984875399744,0.03365125695193736,3.3657762828337114,0.5330046520191564,0.00034526716183880257,0.004682933778926219,0.5315817265125508,0.5326593848573176,0.5312373810864779,0.05922646697157532,0.059140303899463224,8.616307211209429e-05,0.059068354185503505,0.3145803000079468
unified_risk,6,,4096,8192,80,1,64,16,32,1.0,0.0,0.25,0.25,0.35,64.0,16,1.0,16.0,whitened_raw,0.3680323071634864,0.12370181510486042,0.3680323071634864,0.12138638476585181,7.916916166711067,23.55406765846312,15.637151491752052,32,16,16,16,0,32,32,32,1.0,1.0,0.24525311008566583,0.07376101474403107,0.1600532822855391,0.1600532822855391,0.8278914825610568,0.19332640286432132,0.19332640286432132,1,0.13803686553064998,0.30665461069413524,0.30665461069413524,1,0.921880215590597,1.7706234713624724,3.1351074773396923,0.987944764846596,1.6699314428937326,2.788671023965144,0.987944764846596,0.8498631318973661,0.9760348583877958,0.921880215590597,0.8498631318973655,0.987944764846596,0.9760348583877958,1.5806558698719448,1.0335691273789176,2.498472978960635,1.6699314428937306,0.9879447648465991,2.7886710239651373,0.6819866780471315,0.4083920216900367,0.09584422340607682,0.7969337565041705,0.9999999999999976,60.435583409595964,60.235294117647044,-0.0021441992374848784,0.0,1.0,0.0,19.277037181793467,21.599999999999977,0.04923158547653459,24.94567049954272,0.06249999999999931,17.000000000000213,15.616557734204806,0.2440087145969501,0.3653950993628019,15.511601200888801,60.235294117647086,60.43558282706236,0.25925925925925936,0.25666338397489374,0.2587408073236933,2.9751568871605496,0.24664592239763458,0.0026372078006844935,0.019105097689275787,3.3438520775989433,0.5309134503582743,-0.0003602577356393022,0.0,0.5306459754210128,0.5312737080939136,0.5310060516583021,0.05933689728136744,0.05925348172630528,8.341555506216625e-05,0.05930700326970336,0.31146600004285574
unified_risk,7,,4096,8192,80,1,64,16,32,1.0,0.0,0.25,0.25,0.35,64.0,16,1.0,16.0,whitened_raw,0.3678730809725792,0.1237930052027964,0.3678730809725792,0.12147650912602238,7.92275233297897,23.543877182245062,15.621124849266092,32,16,16,16,0,32,32,32,1.0,1.0,0.257956769464913,0.07241744710589772,0.16103701989696712,0.16103701989696712,0.8269077449496294,0.1947460534509525,0.1947460534509525,1,0.1451309947091859,0.30912203775848907,0.30912203775848907,1,0.9205945902079341,1.7450325831028017,3.045138716090437,0.9879447648465965,1.669931442893733,2.7886710239651453,0.9879447648465965,0.8474943995201143,0.9760348583877969,0.9205945902079341,0.8474943995201141,0.9879447648465965,0.9760348583877969,1.5772981806991668,1.0492486642225973,2.4878695508369018,1.669931442893731,0.9879447648465995,2.7886710239651387,0.6819866780471315,0.4083920216900366,0.09643331202741763,0.8169971166472848,0.9999999999999976,60.19289344270986,60.23529411764707,-0.001998736109293242,-2.220446049250313e-16,1.0,0.0,19.766880610282914,21.599999999999977,0.050372811016220966,24.52027930731158,0.06249999999999929,17.000000000000213,15.616557734204825,0.2440087145969504,0.36548522372297276,15.536513156383192,60.2352941176472,60.192892860071034,0.2592592592592592,0.2581120862973067,0.25951776209826205,2.9716790570673473,0.24639657184655683,0.00238785724960644,0.016453117091846842,3.4024476378771733,0.5300497086104182,-0.0006194473352598706,0.0,0.528949524952257,0.5306691559456781,0.5295676865480394,0.05952234391976448,0.05943202202406282,9.032189570165605e-05,0.05939879794093986,0.28669599996646866
unified_risk,8,,4096,8192,80,1,64,16,32,1.0,0.0,0.25,0.25,0.35,64.0,16,1.0,16.0,whitened_raw,0.36736163542757444,0.12363991521295008,0.36736163542757444,0.12117101310679505,7.912954573628802,23.511144667364768,15.598190093735965,32,16,16,16,0,32,32,32,1.0,1.0,0.2707485403676316,0.07459629101137083,0.1593337667997511,0.1593337667997511,0.8286109980468451,0.19229019066283648,0.19229019066283648,1,0.14877966875714055,0.3048557912352956,0.3048557912352956,1,0.940275155391861,1.777598329097261,3.1598558196093744,0.9879447648465962,1.669931442893733,2.7886710239651453,0.9879447648465962,0.8841173678471888,0.9760348583877962,0.940275155391861,0.8841173678471884,0.9879447648465962,0.9760348583877962,1.5753535524169187,1.0465302044929026,2.4817388151126054,1.6699314428937313,0.9879447648465991,2.7886710239651396,0.6819866780471322,0.40839202169003697,0.09541335812184619,0.7853962195716263,0.9999999999999979,60.38275868223906,60.235294117647065,-0.0027832356431789496,0.0,1.0,0.0,19.109339833645844,21.599999999999973,0.04995701006780471,24.859808407896463,0.06249999999999937,17.0000000000002,15.616557734204804,0.24400871459695006,0.3651797277037451,15.66000270425218,60.23529411764709,60.38275809839327,0.2592592592592593,0.25934560125150824,0.25832192143854754,2.9712219940854254,0.24619062232077937,0.0021819077238293128,0.014665362156377258,3.300306476139037,0.5289163545412849,-0.0006867148492469832,0.0,0.5307597718931748,0.5296030693905319,0.5314488801304462,0.05941085868973892,0.0593169255783778,9.393311136112609e-05,0.059617921691022605,0.2606811999576166
unified_risk,9,,4096,8192,80,1,64,16,32,1.0,0.0,0.25,0.25,0.35,64.0,16,1.0,16.0,whitened_raw,0.36923698166458263,0.1236647888961402,0.36923698166458263,0.1212664118765746,7.914546489352972,23.631166826533292,15.71662033718032,32,16,16,16,0,32,32,32,1.0,1.0,0.25703183082434006,0.07219548084254937,0.1659728860014084,0.1659728860014084,0.8219718788451882,0.20192039444778628,0.20192039444778628,1,0.1474447642863006,0.32164428269138523,0.32164428269138523,1,0.9241246344870407,1.7850944988258761,3.186562369738406,0.9879447648465965,1.669931442893733,2.7886710239651453,0.9879447648465965,0.8540063400658073,0.9760348583877969,0.9241246344870407,0.8540063400658067,0.9879447648465965,0.9760348583877969,1.5746623952098686,1.0383224559329087,2.4795616588880804,1.6699314428937313,0.9879447648465993,2.7886710239651396,0.681986678047132,0.40839202169003685,0.09938904181228124,0.7781305906438715,0.9999999999999979,60.30366882899261,60.23529411764706,-0.0025942772131475333,2.220446049250313e-16,1.0,0.0,18.92436482702302,21.59999999999997,0.04984848303742058,24.786407392071258,0.062499999999999334,17.000000000000213,15.616557734204806,0.2440087145969501,0.36527512647352467,15.635432752082663,60.23529411764707,60.303668249144835,0.2592592592592594,0.25927830273085234,0.2606246152762556,2.985789123650113,0.24797056978800802,0.003961855191057961,0.026870097492000707,3.4347104125368366,0.5337527537189942,0.0002557920422766591,0.0035430478375026576,0.5332087577690093,0.5334969616767176,0.5329532264276546,0.05947541818291834,0.059374254101219964,0.00010116408169837804,0.05941480137787194,0.2711558999726549
unified_risk,0,,8192,8192,80,1,64,16,32,1.0,0.0,0.25,0.25,0.35,64.0,16,1.0,16.0,whitened_raw,0.36767831042863586,0.12231661895751832,0.36767831042863586,0.12116028609055722,7.82826361328117,23.53141186743269,15.703148254151522,32,16,16,16,0,32,32,32,1.0,1.0,0.18577316156001022,0.05253027300103616,0.1095962241006932,0.1095962241006932,0.8783485407459031,0.12477532439186714,0.12477532439186714,1,0.10132976979990138,0.19147108996151913,0.19147108996151913,1,0.9469891084265687,1.7474828559536897,3.0536963318520636,0.9879447648465963,1.6699314428937326,2.788671023965144,0.9879447648465963,0.8967883714785467,0.9760348583877965,0.9469891084265687,0.8967883714785475,0.9879447648465963,0.9760348583877965,1.5953439775306621,1.029704738518937,2.5451224066433538,1.6699314428937302,0.987944764846599,2.7886710239651356,0.6819866780471312,0.4083920216900365,0.06562917571680661,0.8334562870892076,0.999999999999997,60.531485968854135,60.235294117647044,-0.0012356141902807316,0.0,1.0,0.0,19.822365877533688,21.599999999999977,0.05312765909009528,22.5267383973819,0.06249999999999923,17.000000000000245,15.616557734204799,0.24400871459694998,0.3651690006875072,15.630679402834113,60.235294117647065,60.53148539298914,0.2592592592592593,0.2582239524002245,0.2594211616021286,3.005955474916568,0.24651802433807862,0.0025093097411286736,0.024763795931678073,4.6928753698503725,0.5327232862529674,-0.00010677308255135909,0.0,0.5326436116180296,0.5328300593355187,0.5327503687314905,0.05897738621088744,0.058946877855295655,3.050835559178372e-05,0.05896856549319554,0.3119526000227779
unified_risk,1,,8192,8192,80,1,64,16,32,1.0,0.0,0.25,0.25,0.35,64.0,16,1.0,16.0,whitened_raw,0.366147547212007,0.12271125947408415,0.366147547212007,0.12151544883067085,7.853520606341386,23.433443021568443,15.579922415227058,32,16,16,16,0,32,32,32,1.0,1.0,0.17881615702904038,0.05017056246942062,0.12010058676580913,0.12010058676580913,0.8678441780807873,0.13838957476376482,0.13838957476376482,1,0.09931667900100262,0.2137454345807568,0.2137454345807568,1,0.9446880445888716,1.758098712616057,3.090911083302237,0.9879447648465964,1.6699314428937333,2.788671023965146,0.9879447648465964,0.8924355015891453,0.9760348583877967,0.9446880445888716,0.8924355015891458,0.9879447648465964,0.9760348583877967,1.6131140709745866,1.026960385045308,2.6021370059762035,1.6699314428937313,0.9879447648465993,2.7886710239651396,0.681986678047132,0.4083920216900368,0.07191947147105235,0.8418673122088515,0.9999999999999976,60.18162380640307,60.23529411764706,-0.0011085359124409777,-2.220446049250313e-16,1.0,0.0,19.47051279848103,21.599999999999962,0.053218708547463175,22.21613786934483,0.062499999999999334,17.0000000000002,15.6165577342048,0.24400871459695,0.36552416342762084,15.550713750714802,60.235294117647086,60.18162323078826,0.25925925925925924,0.258396382747603,0.2588817246666843,2.983813781891262,0.24463209838133615,0.0006233837843861445,0.006276728044640431,4.876008685978784,0.5279205999665362,1.801002851431477e-05,0.0003589760135795175,0.5307034918112671,0.5279025899380219,0.5306853868443067,0.05909338196137339,0.059039889521199075,5.349244017431587e-05,0.05940488806806501,0.3085854999953881
unified_risk,2,,8192,8192,80,1,64,16,32,1.0,0.0,0.25,0.25,0.35,64.0,16,1.0,16.0,whitened_raw,0.36673039894855963,0.12256781575421948,0.36673039894855963,0.12143600622572384,7.844340208270048,23.470745532707816,15.62640532443777,32,16,16,16,0,32,32,32,1.0,1.0,0.17668595234815695,0.048891525250487664,0.11290940289918262,0.11290940289918262,0.8750353619474142,0.1290341028594545,0.1290341028594545,1,0.1032026879152098,0.1984078574738877,0.1984078574738877,1,0.9476417200724224,1.7399541359168194,3.0274403950940454,0.9879447648465968,1.6699314428937324,2.788671023965143,0.9879447648465968,0.8980248296218173,0.9760348583877974,0.9476417200724224,0.8980248296218194,0.9879447648465968,0.9760348583877974,1.59720524228413,1.0280120970530404,2.5510645859799066,1.6699314428937306,0.9879447648465991,2.7886710239651373,0.6819866780471315,0.40839202169003674,0.06761319656543992,0.8426473367118626,0.9999999999999979,60.31262628035602,60.23529411764705,-0.0012178004138192478,0.0,1.0,0.0,19.921986367788573,21.599999999999987,0.05359768193588688,22.1134872964211,0.06249999999999931,17.000000000000213,15.616557734204802,0.24400871459695003,0.3654447208226739,15.572155126317123,60.23529411764708,60.31262570683667,0.2592592592592593,0.25819063494282524,0.2590901182182565,2.992061143391427,0.2452943927228358,0.0012856781258857586,0.012457796902945567,5.017114754880533,0.5295787917910829,6.310036150103393e-05,0.001290619615112223,0.5295922535630353,0.5295156914295819,0.5295291515975374,0.05909004682505937,0.059046165261752576,4.388156330679266e-05,0.059091548880555816,0.28669059998355806
unified_risk,3,,8192,8192,80,1,64,16,32,1.0,0.0,0.25,0.25,0.35,64.0,16,1.0,16.0,whitened_raw,0.36730794023127944,0.12263733820030472,0.36730794023127944,0.12143446279457071,7.8487896448195,23.507708174801884,15.658918529982383,32,16,16,16,0,32,32,32,1.0,1.0,0.1651919570212436,0.04975058452654902,0.10741293268854238,0.10741293268854238,0.8805318321580536,0.12198642770845561,0.12198642770845561,1,0.09240788247234434,0.18694368400266245,0.18694368400266245,1,0.9449322516086561,1.7389790120623816,3.024048004393457,0.987944764846596,1.6699314428937324,2.788671023965143,0.987944764846596,0.8928969601302041,0.9760348583877958,0.9449322516086561,0.8928969601302046,0.987944764846596,0.9760348583877958,1.610566722536428,1.0320255290694462,2.593925167741731,1.6699314428937306,0.9879447648465989,2.7886710239651373,0.6819866780471318,0.4083920216900369,0.06432176191761046,0.8577658701095928,0.9999999999999979,60.32777157123246,60.23529411764703,-0.0010611791128281034,2.220446049250313e-16,1.0,0.0,19.94934322589651,21.599999999999977,0.05329690664369593,22.335265095390916,0.06249999999999929,17.000000000000213,15.616557734204783,0.24400871459694973,0.36544317739152044,15.501460683395848,60.23529411764707,60.32777099695507,0.259259259259259,0.25695397703618544,0.2595640162268342,2.995074302993693,0.24587347743670873,0.0018647628397590044,0.02017969452245686,4.94212238462244,0.530352475877973,-3.817038404541062e-05,0.0,0.5295597932830113,0.5303906462620184,0.5295979066163207,0.05913924128220362,0.05909291284586169,4.632843634192613e-05,0.05905084978904421,0.31016670004464686
unified_risk,4,,8192,8192,80,1,64,16,32,1.0,0.0,0.25,0.25,0.35,64.0,16,1.0,16.0,whitened_raw,0.36668655014426027,0.12276878698452344,0.36668655014426027,0.12154286826353428,7.857202367009504,23.467939209232654,15.610736842223151,32,16,16,16,0,32,32,32,1.0,1.0,0.1695177190285435,0.054470523131709574,0.11444850527510453,0.11444850527510453,0.8734962595714919,0.1310234634905582,0.1310234634905582,1,0.09136336420339226,0.20165781046251688,0.20165781046251688,1,0.947016200455851,1.7482200041621592,3.0562731829527396,0.9879447648465964,1.669931442893733,2.7886710239651453,0.9879447648465964,0.8968396839258365,0.9760348583877967,0.947016200455851,0.8968396839258366,0.9879447648465964,0.9760348583877967,1.5971601082309257,1.0336486113446532,2.5509204113242223,1.6699314428937313,0.9879447648466,2.7886710239651396,0.6819866780471313,0.40839202169003647,0.06853485259058477,0.834650654121081,0.9999999999999979,60.16847624632567,60.23529411764707,-0.0013551174370500796,0.0,1.0,0.0,19.686877659344393,21.599999999999977,0.053486128287544274,22.278160216513676,0.06249999999999916,17.000000000000256,15.616557734204804,0.24400871459695006,0.36555158286048434,15.643834216828814,60.23529411764707,60.16847567191864,0.25925925925925936,0.26000050761016674,0.25945042928034273,2.9868060046116263,0.245143681880726,0.001134967283775934,0.0124225644892988,4.500483340098814,0.5305527470160672,-2.3921235217772008e-05,0.0,0.5287109262248703,0.530576668251285,0.5287347644172075,0.059194087969336305,0.059148835793906916,4.5252175429388863e-05,0.05898859491977423,0.2902959000202827
unified_risk,5,,8192,8192,80,1,64,16,32,1.0,0.0,0.25,0.25,0.35,64.0,16,1.0,16.0,whitened_raw,0.36570190134153663,0.12202901499972833,0.36570190134153663,0.12091320788643951,7.809856959982612,23.40492168585834,15.595064725875728,32,16,16,16,0,32,32,32,1.0,1.0,0.1760424799815835,0.047638094574491925,0.11283033580792323,0.11283033580792323,0.8751144290386729,0.12893209397983432,0.12893209397983432,1,0.09441758770505355,0.19824137488131913,0.19824137488131913,1,0.9469229565419521,1.7413187566257178,3.032191012176536,0.9879447648465961,1.6699314428937326,2.788671023965144,0.9879447648465961,0.8966630856261524,0.976034858387796,0.9469229565419521,0.8966630856261517,0.9879447648465961,0.976034858387796,1.6096013714203599,1.0296240977444295,2.5908165748783034,1.6699314428937306,0.9879447648465992,2.7886710239651373,0.6819866780471314,0.40839202169003663,0.06756584905809411,0.8544371263136851,0.9999999999999976,60.263374521371546,60.23529411764704,-0.001157581964706278,0.0,1.0,0.0,19.874531083090943,21.599999999999973,0.053001816137203055,22.499156323249007,0.062499999999999375,17.000000000000195,15.616557734204791,0.24400871459694987,0.3649219224833894,15.688216957948608,60.23529411764707,60.26337394749314,0.2592592592592592,0.2603275576906396,0.2587818056696186,2.9968438353972684,0.24478869345509713,0.0007799788581472344,0.008260948803137949,5.13850723127307,0.5308572205201472,0.0002095529298512533,0.004398852047358325,0.5315772356113925,0.5306476675902959,0.5313673984595959,0.058867330151407,0.058831716849132486,3.561330227451476e-05,0.0589471734020061,0.2985604000277817
unified_risk,6,,8192,8192,80,1,64,16,32,1.0,0.0,0.25,0.25,0.35,64.0,16,1.0,16.0,whitened_raw,0.36665768994720865,0.12230490419353918,0.36665768994720865,0.12117562291940835,7.827513868386509,23.466092156621357,15.638578288234848,32,16,16,16,0,32,32,32,1.0,1.0,0.17116128721773347,0.0521437323038182,0.11381768914874558,0.11381768914874558,0.8741270756978504,0.13020725740348496,0.13020725740348496,1,0.09436276376949476,0.20032365611756625,0.20032365611756625,1,0.944955925602739,1.7467693108567826,3.051203025351079,0.987944764846596,1.6699314428937326,2.788671023965144,0.987944764846596,0.8929417013317271,0.9760348583877958,0.944955925602739,0.8929417013317292,0.987944764846596,0.9760348583877958,1.605413571184296,1.0236822679755453,2.577352734542715,1.6699314428937306,0.9879447648465991,2.7886710239651373,0.6819866780471315,0.4083920216900367,0.0681571028757427,0.8447005044006071,0.9999999999999976,60.62360425221313,60.235294117647044,-0.001172910754980494,0.0,1.0,0.0,19.86875463498127,21.599999999999977,0.05365288347593573,22.31822349656753,0.06249999999999931,17.000000000000213,15.616557734204806,0.2440087145969501,0.3651843375163584,15.55180846225065,60.235294117647086,60.62360367743689,0.25925925925925936,0.25653058411040613,0.25796187193760095,2.9978985091799575,0.2454820670278003,0.0014733524308502277,0.015613705788114354,4.707796242844416,0.5308848455875966,-0.00047735901109313694,0.0,0.531679540336904,0.5313622045986898,0.5321576139185916,0.05917929131372557,0.05914237478257442,3.691653115114879e-05,0.05926787826900529,0.31034880003426224
unified_risk,7,,8192,8192,80,1,64,16,32,1.0,0.0,0.25,0.25,0.35,64.0,16,1.0,16.0,whitened_raw,0.36701884299827947,0.12214345371039273,0.36701884299827947,0.12088879151656776,7.8171810374651365,23.489205951889886,15.67202491442475,32,16,16,16,0,32,32,32,1.0,1.0,0.18069531685504897,0.05280746803134477,0.1236378127014336,0.1236378127014336,0.864306952145163,0.14304849960372443,0.14304849960372443,1,0.10480779911006935,0.22143469858201303,0.22143469858201303,1,0.9399171728232044,1.7460115718667877,3.048556409092731,0.9879447648465965,1.669931442893733,2.7886710239651453,0.9879447648465965,0.8834442917679661,0.9760348583877969,0.9399171728232044,0.8834442917679656,0.9879447648465965,0.9760348583877969,1.6036509332631999,1.030723761796214,2.571696315755932,1.669931442893731,0.9879447648465995,2.7886710239651387,0.6819866780471315,0.4083920216900366,0.07403765778982423,0.8435783927387732,0.9999999999999976,60.280048517084246,60.23529411764707,-0.0012457303726647329,-2.220446049250313e-16,1.0,0.0,19.77330920867689,21.599999999999977,0.05405928797698185,22.30086842480419,0.06249999999999929,17.000000000000213,15.616557734204825,0.2440087145969504,0.3648975061135181,15.527632278393593,60.2352941176472,60.28004794204371,0.2592592592592592,0.2575915714818715,0.2599869351380183,3.004817956666729,0.24613005148171171,0.002121336884761349,0.02024025790803523,4.660894768437242,0.5303300184154582,9.931868112389441e-05,0.0018807696113160002,0.5306342029979244,0.5302306997343343,0.5305348273499865,0.058926517381007876,0.05887804034914518,4.847703186269814e-05,0.058960316218454954,0.29141920001711696
unified_risk,8,,8192,8192,80,1,64,16,32,1.0,0.0,0.25,0.25,0.35,64.0,16,1.0,16.0,whitened_raw,0.3669474122171794,0.12237819363130822,0.3669474122171794,0.12123293692874965,7.8322043924037255,23.484634381899482,15.652429989495758,32,16,16,16,0,32,32,32,1.0,1.0,0.17735665502088727,0.04758739132376114,0.11174174237832152,0.11174174237832152,0.8762030224682746,0.12752951029950074,0.12752951029950074,1,0.09612178811193403,0.1959539408224037,0.1959539408224037,1,0.9504347574251955,1.7327629435532874,3.0024674185514533,0.9879447648465962,1.669931442893733,2.7886710239651453,0.9879447648465962,0.90332622812189,0.9760348583877962,0.9504347574251955,0.9033262281218901,0.9879447648465962,0.9760348583877962,1.6021527433479024,1.0337914873653953,2.5668934130172096,1.6699314428937313,0.9879447648465991,2.7886710239651396,0.6819866780471322,0.40839202169003697,0.06691396994399385,0.8549279826175809,0.9999999999999979,60.302031801329186,60.235294117647065,-0.0010905094404538573,0.0,1.0,0.0,20.084158591943034,21.599999999999973,0.05322104280083484,22.361368713743488,0.06249999999999937,17.0000000000002,15.616557734204804,0.24400871459695006,0.3652416515256997,15.61662122658175,60.23529411764709,60.302031226180176,0.2592592592592593,0.2589733862862281,0.2595672097808248,2.9984705716664757,0.24571447528842977,0.0017057606914797074,0.017745827714870904,5.163436541766067,0.5308959306702502,-0.00029450469040681604,0.0,0.5317922965496965,0.531190435360657,0.5320872984824828,0.058960452430359245,0.05891688483544643,4.3567594912814755e-05,0.05906000139041356,0.28746360004879534
unified_risk,9,,8192,8192,80,1,64,16,32,1.0,0.0,0.25,0.25,0.35,64.0,16,1.0,16.0,whitened_raw,0.36690461100204386,0.12233643318849156,0.36690461100204386,0.12108009150855417,7.829531724063459,23.481895104130807,15.652363380067348,32,16,16,16,0,32,32,32,1.0,1.0,0.16453203897680788,0.048857824973149465,0.11724966356389584,0.11724966356389584,0.8706951012827007,0.1346621376313759,0.1346621376313759,1,0.0872930336459974,0.20761816661014404,0.20761816661014404,1,0.9412079578735957,1.7520827556638827,3.069793982694745,0.9879447648465965,1.669931442893733,2.7886710239651453,0.9879447648465965,0.8858724199645833,0.9760348583877969,0.9412079578735957,0.8858724199645842,0.9879447648465965,0.9760348583877969,1.6059319937744925,1.0317305598839697,2.5790175686285166,1.6699314428937313,0.9879447648465993,2.7886710239651396,0.681986678047132,0.40839202169003685,0.07021226174454222,0.8401272473550776,0.9999999999999979,60.353025048906794,60.23529411764706,-0.0013234506986301575,2.220446049250313e-16,1.0,0.0,19.66028514914455,21.59999999999997,0.05399701618156658,22.390845218590563,0.062499999999999334,17.000000000000213,15.616557734204806,0.2440087145969501,0.36508880610550426,15.596584584794332,60.23529411764707,60.35302447484142,0.2592592592592594,0.25842258479185043,0.259346793574399,2.9991442568603457,0.24582451949348968,0.0018158048965395968,0.020801257794560057,5.031425767082062,0.5310266443463985,6.313753236530939e-05,0.0012922706321865033,0.5309955276296455,0.5309635068140331,0.5309323937969679,0.059001136819241816,0.058952532829760144,4.860398948167144e-05,0.058997679513131,0.263777400017716
unified_risk,0,,16384,8192,80,1,64,16,32,1.0,0.0,0.25,0.25,0.35,64.0,16,1.0,16.0,whitened_raw,0.36495175787277573,0.1219521942308467,0.36495175787277573,0.1213170647682304,7.80494043077419,23.356912503857647,15.551972073083457,32,16,16,16,0,32,32,32,1.0,1.0,0.12153531459744903,0.03623486154057828,0.08006196544405442,0.08006196544405442,0.9078827994025419,0.08818535332615782,0.08818535332615782,1,0.06756355282759129,0.1330099325841256,0.1330099325841256,1,0.9593758234323627,1.7197174249764462,2.957428021767619,0.9879447648465963,1.6699314428937326,2.788671023965144,0.9879447648465963,0.9204019705865241,0.9760348583877965,0.9593758234323627,0.920401970586524,0.9879447648465963,0.9760348583877965,1.6180889633312145,1.020215553179838,2.6182118932542844,1.6699314428937302,0.987944764846599,2.7886710239651356,0.6819866780471312,0.4083920216900365,0.04794326484763915,0.8853002926811422,0.999999999999997,60.505908390077,60.235294117647044,-0.0006368391133446671,0.0,1.0,0.0,20.458962295864552,21.599999999999977,0.056411972984644766,20.44407751384544,0.06249999999999923,17.000000000000245,15.616557734204799,0.24400871459694998,0.3653257793651804,15.648349672261002,60.235294117647065,60.50590781811502,0.2592592592592593,0.2586251530891997,0.2570322904638299,2.9925804957797513,0.24363469310454533,-0.00037402149240467475,0.0,6.723764980630781,0.5285620436711487,8.492934110204686e-06,0.00023438571997008234,0.5295911423022179,0.5285535507370385,0.5295826328325526,0.0589981512885955,0.05897132259705174,2.682869154375933e-05,0.05911301938677564,0.34796330000972375
unified_risk,1,,16384,8192,80,1,64,16,32,1.0,0.0,0.25,0.25,0.35,64.0,16,1.0,16.0,whitened_raw,0.3658424954472307,0.12216270202650918,0.3658424954472307,0.12159937676763197,7.818412929696587,23.413919708622757,15.59550677892617,32,16,16,16,0,32,32,32,1.0,1.0,0.12672378748878904,0.03643260404574712,0.07952073256883845,0.07952073256883845,0.908424032277758,0.0875370198754543,0.0875370198754543,1,0.07012450590748892,0.13199207883145575,0.13199207883145575,1,0.9598984970039782,1.7168476082484425,2.9475657099483974,0.9879447648465964,1.6699314428937333,2.788671023965146,0.9879447648465964,0.9214051245504956,0.9760348583877967,0.9598984970039782,0.9214051245504964,0.9879447648465964,0.9760348583877967,1.6286065115677208,1.0140247315829056,2.6523591695207807,1.6699314428937313,0.9879447648465993,2.7886710239651396,0.681986678047132,0.4083920216900368,0.04761916000038977,0.8998473420181072,0.9999999999999976,60.08006761443969,60.23529411764706,-0.0005082149968316241,-2.220446049250313e-16,1.0,0.0,20.38294427556341,21.599999999999962,0.05567292033942425,20.645616491613552,0.062499999999999334,17.0000000000002,15.6165577342048,0.24400871459695,0.36560809136458194,15.576023679582326,60.235294117647086,60.08006704380436,0.25925925925925924,0.25925443239312385,0.25957871797239324,2.9947151575596553,0.24424311867959872,0.00023440408264874257,0.0033426842672942022,6.703970936936359,0.529593735360382,-2.8097670410787146e-05,0.0,0.5294690167127357,0.5296218330307928,0.529497107766181,0.05888358911255458,0.05885793456874135,2.5654543813223574e-05,0.058869722102595175,0.34885780001059175
unified_risk,2,,16384,8192,80,1,64,16,32,1.0,0.0,0.25,0.25,0.35,64.0,16,1.0,16.0,whitened_raw,0.36602695473868757,0.12203892318606867,0.36602695473868757,0.12143702878995578,7.8104910839083965,23.425725103276005,15.615234019367609,32,16,16,16,0,32,32,32,1.0,1.0,0.12853525062076557,0.035932417208533844,0.08240181738054604,0.08240181738054604,0.9055429474660507,0.09099713891111204,0.09099713891111204,1,0.07180694388565372,0.13743145096915263,0.13743145096915263,1,0.963857244896954,1.7195893372897932,2.9569874889207504,0.9879447648465968,1.6699314428937324,2.788671023965143,0.9879447648465968,0.9290207885403471,0.9760348583877974,0.963857244896954,0.9290207885403468,0.9879447648465968,0.9760348583877974,1.6193479157871349,1.0155399543296841,2.6222876723641377,1.6699314428937306,0.9879447648465991,2.7886710239651373,0.6819866780471315,0.40839202169003674,0.04934443131255524,0.8868105401829846,0.9999999999999979,60.24638869410157,60.23529411764705,-0.0006657026335614713,0.0,1.0,0.0,20.374245383124858,21.599999999999987,0.05585895757002189,20.55310297330354,0.06249999999999931,17.000000000000213,15.616557734204802,0.24400871459695003,0.36544574338690583,15.620078207356281,60.23529411764708,60.246388122592755,0.2592592592592593,0.2592699528405199,0.2591895465599174,2.9992640477548176,0.2445899259487318,0.0005812113517817408,0.008094082832814457,6.806943282698009,0.5298278873968739,-0.00012243523115640365,0.0,0.5309130081532644,0.5299503226280303,0.5310356941394562,0.058889190356200834,0.05886711333161851,2.2077024582324578e-05,0.059009799112935975,0.35326140001416206
unified_risk,3,,16384,8192,80,1,64,16,32,1.0,0.0,0.25,0.25,0.35,64.0,16,1.0,16.0,whitened_raw,0.3642984304461352,0.12148678493673239,0.3642984304461352,0.1208865481549723,7.775154235950873,23.315099548552645,15.539945312601773,32,16,16,16,0,32,32,32,1.0,1.0,0.12915447559328042,0.03446130190912688,0.08011983616174509,0.08011983616174509,0.9078249286848509,0.08825472140075863,0.08825472140075863,1,0.07060240563734081,0.13311887378737222,0.13311887378737222,1,0.9576867193477052,1.7157377678986068,2.9437560881936933,0.987944764846596,1.6699314428937324,2.788671023965143,0.987944764846596,0.9171638524149698,0.9760348583877958,0.9576867193477052,0.9171638524149703,0.987944764846596,0.9760348583877958,1.6217276157848433,1.018019206063418,2.6300004597991924,1.6699314428937306,0.9879447648465989,2.7886710239651373,0.6819866780471318,0.4083920216900369,0.04797791939464882,0.8934165674755264,0.9999999999999979,60.457598264421435,60.23529411764703,-0.0005721409299277447,2.220446049250313e-16,1.0,0.0,20.53757052321498,21.599999999999977,0.05636632456164733,20.38444551563879,0.06249999999999929,17.000000000000213,15.616557734204783,0.24400871459694973,0.364895262751922,15.592114936656012,60.23529411764707,60.457597692849035,0.259259259259259,0.257901662184309,0.25703874956380957,2.9986671442153456,0.2434118822911629,-0.0005968323057868319,0.0,7.063339711686767,0.5265863872712839,-0.00026665752168575363,0.0,0.5287652616647048,0.5268530447929697,0.5290330225442819,0.05868518762207308,0.058665519246803154,1.9668375269926708e-05,0.05892801131762176,0.42897910001920536
unified_risk,4,,16384,8192,80,1,64,16,32,1.0,0.0,0.25,0.25,0.35,64.0,16,1.0,16.0,whitened_raw,0.36624771596075945,0.12200161612732023,0.36624771596075945,0.12136879720152792,7.808103432148495,23.4398538214886,15.631750389340105,32,16,16,16,0,32,32,32,1.0,1.0,0.12211459179775322,0.03880722619969179,0.08115520770382711,0.08115520770382711,0.9067895571427693,0.0894972897124461,0.0894972897124461,1,0.06562312210598782,0.13507149959614548,0.13507149959614548,1,0.9532209570151773,1.7146949358473957,2.9401787230207046,0.9879447648465964,1.669931442893733,2.7886710239651453,0.9879447648465964,0.9086301928929311,0.9760348583877967,0.9532209570151773,0.9086301928929305,0.9879447648465964,0.9760348583877967,1.619513963225058,1.0199639608631454,2.622825477080934,1.6699314428937313,0.9879447648466,2.7886710239651396,0.6819866780471313,0.40839202169003647,0.04859792780666354,0.8920632805567256,0.9999999999999979,60.15462212165083,60.23529411764707,-0.0005749962452987756,0.0,1.0,0.0,20.4595120870233,21.599999999999977,0.05594988743902788,20.468958918571285,0.06249999999999916,17.000000000000256,15.616557734204804,0.24400871459695006,0.365377511798478,15.607795517246092,60.23529411764707,60.15462155146015,0.25925925925925936,0.25946128684217845,0.25985950848294664,3.001990691488425,0.2448789187592315,0.0008702041622814516,0.013260633361454305,6.310137124955773,0.5304866515203277,-0.00011180266312160736,0.0,0.5309215736443955,0.5305984541834493,0.5310334679694875,0.05906449571938562,0.05903851387467936,2.598184470626458e-05,0.059112920040453175,0.6399812999879941
unified_risk,5,,16384,8192,80,1,64,16,32,1.0,0.0,0.25,0.25,0.35,64.0,16,1.0,16.0,whitened_raw,0.3668586405911647,0.12156930732830083,0.3668586405911647,0.12099926545587747,7.780435669011252,23.478952997834547,15.698517328823295,32,16,16,16,0,32,32,32,1.0,1.0,0.1273314234574533,0.03377768995572889,0.07994456528188577,0.07994456528188577,0.9080001995647103,0.08804465606969107,0.08804465606969107,1,0.07314800555194995,0.13278899197714192,0.13278899197714192,1,0.9574250911544114,1.7201994891521795,2.959086282479419,0.9879447648465961,1.6699314428937326,2.788671023965144,0.9879447648465961,0.9166628051720337,0.976034858387796,0.9574250911544114,0.916662805172033,0.9879447648465961,0.976034858387796,1.6198698097474449,1.0182779870941474,2.6239782005312233,1.6699314428937306,0.9879447648465992,2.7886710239651373,0.6819866780471314,0.40839202169003663,0.04787296246326988,0.8867528520772269,0.9999999999999976,60.008943987262526,60.23529411764704,-0.000662488757414037,0.0,1.0,0.0,20.279551949049967,21.599999999999973,0.056177280033530244,20.544395420100408,0.062499999999999375,17.000000000000195,15.616557734204791,0.24400871459694987,0.3650079800528273,15.68135689867992,60.23529411764707,60.00894341749755,0.2592592592592592,0.26131699719458007,0.2616029617386312,3.017691296047728,0.24585937513528722,0.0018506605383373786,0.025300218705526203,7.278750425429494,0.5303943308745286,-0.0001421283508902249,0.0,0.5277795053092392,0.5305364592254188,0.5279209329723131,0.0585623623953548,0.05854378127948444,1.85811158703586e-05,0.05827365198982948,0.7425104000139982
unified_risk,6,,16384,8192,80,1,64,16,32,1.0,0.0,0.25,0.25,0.35,64.0,16,1.0,16.0,whitened_raw,0.36541243466873874,0.12190643357119958,0.36541243466873874,0.1213454686874722,7.802011748556773,23.38639581879928,15.584384070242507,32,16,16,16,0,32,32,32,1.0,1.0,0.12251923500500085,0.03465247761535408,0.07667216607770741,0.07667216607770741,0.9112725987688886,0.08413746466347173,0.08413746466347173,1,0.06709389949069526,0.12666500564846908,0.12666500564846908,1,0.9538514375851112,1.7233844737740232,2.9700540444453667,0.987944764846596,1.6699314428937326,2.788671023965144,0.987944764846596,0.9098325649831832,0.9760348583877958,0.9538514375851112,0.9098325649831832,0.987944764846596,0.9760348583877958,1.6288541075902092,1.01746504804864,2.653165703813497,1.6699314428937306,0.9879447648465991,2.7886710239651373,0.6819866780471315,0.4083920216900367,0.04591336153587624,0.8933055305089419,0.9999999999999976,60.40077302133907,60.235294117647044,-0.0005847389624580313,0.0,1.0,0.0,20.336590552721212,21.599999999999977,0.055747060938036476,20.549214435702666,0.06249999999999931,17.000000000000213,15.616557734204806,0.2440087145969501,0.36535418328442226,15.578819465359869,60.235294117647086,60.40077245032634,0.25925925925925936,0.25792417602228357,0.25801630406397735,2.997482773994198,0.24406696598126654,5.8251384316476695e-05,0.0008682068676684254,7.043276059231144,0.5281054634856618,-0.00044731536619158074,0.0,0.5296823577631887,0.5285527788518534,0.5301310087888081,0.059065976094531826,0.059048410465727084,1.756562880474155e-05,0.05924234389630621,0.7553426999947987
unified_risk,7,,16384,8192,80,1,64,16,32,1.0,0.0,0.25,0.25,0.35,64.0,16,1.0,16.0,whitened_raw,0.36870856685945264,0.12181123668148625,0.36870856685945264,0.12120100933774595,7.795919147615119,23.597348279004965,15.801429131389845,32,16,16,16,0,32,32,32,1.0,1.0,0.1180449428731929,0.036407796247817766,0.08220772257158263,0.08220772257158263,0.905737042275014,0.09076334381234398,0.09076334381234398,1,0.06602840928734628,0.13706336613028092,0.13706336613028092,1,0.9526668157023455,1.7265671235906366,2.9810340322640445,0.9879447648465965,1.669931442893733,2.7886710239651453,0.9879447648465965,0.9075740617404472,0.9760348583877969,0.9526668157023455,0.9075740617404466,0.9879447648465965,0.9760348583877969,1.6192754207097713,1.0150396863441116,2.6220528881148066,1.669931442893731,0.9879447648465995,2.7886710239651387,0.6819866780471315,0.4083920216900366,0.0492282021045902,0.8795783140132091,0.9999999999999976,60.13671274539249,60.23529411764707,-0.0006288888716632357,-2.220446049250313e-16,1.0,0.0,20.17310506841805,21.599999999999977,0.05612555523439945,20.59106658749337,0.06249999999999929,17.000000000000213,15.616557734204825,0.2440087145969504,0.36520972393469636,15.553274030178297,60.2352941176472,60.13671217427898,0.2592592592592592,0.25863193160783693,0.26275844754526273,3.026884685717107,0.24750755752170667,0.0034988429247562736,0.05298996238921651,6.798202116848584,0.5349159572650407,-5.779145638196148e-05,0.0,0.5306426146826487,0.5349737487214227,0.5306999444539975,0.05907905157434342,0.059043999782955346,3.505179138807435e-05,0.05860708018633174,0.7741552999941632
unified_risk,8,,16384,8192,80,1,64,16,32,1.0,0.0,0.25,0.25,0.35,64.0,16,1.0,16.0,whitened_raw,0.3683225751977874,0.12168562764065191,0.3683225751977874,0.12107583008360173,7.787880169001722,23.572644812658396,15.784764643656674,32,16,16,16,0,32,32,32,1.0,1.0,0.14659721283932092,0.03633783675001546,0.08044301693040935,0.08044301693040935,0.9075017479161869,0.08864227216655315,0.08864227216655315,1,0.08004794683500606,0.13372764460866005,0.13372764460866005,1,0.9605743311000603,1.7156648718607395,2.9435059525369276,0.9879447648465962,1.669931442893733,2.7886710239651453,0.9879447648465962,0.9227030455683269,0.9760348583877962,0.9605743311000603,0.9227030455683283,0.9879447648465962,0.9760348583877962,1.6265299970649694,1.0218046689697247,2.645599831352169,1.6699314428937313,0.9879447648465991,2.7886710239651396,0.6819866780471322,0.40839202169003697,0.048171448757808905,0.8987920778865756,0.9999999999999979,60.15701132459125,60.235294117647065,-0.00044236115766915773,0.0,1.0,0.0,20.437197102572043,21.599999999999973,0.05612852861986782,20.69477843858542,0.06249999999999937,17.0000000000002,15.616557734204804,0.24400871459695006,0.3650845446805518,15.596141004931287,60.23529411764709,60.15701075404755,0.2592592592592593,0.25925724715106346,0.26239276928491045,3.0268371239820984,0.24724674511418565,0.0032380305172355905,0.040451137665151904,6.80411293647194,0.5337298258905381,0.0001547769716414571,0.004259388711172832,0.5314518362632213,0.5335750489188966,0.5312977198886064,0.05890592491613299,0.05888265783017164,2.3267085961349576e-05,0.05865451103698064,0.7508753999718465
unified_risk,9,,16384,8192,80,1,64,16,32,1.0,0.0,0.25,0.25,0.35,64.0,16,1.0,16.0,whitened_raw,0.36636201429539794,0.12228310170204734,0.36636201429539794,0.12169836781284112,7.82611850893103,23.44716891490547,15.621050405974438,32,16,16,16,0,32,32,32,1.0,1.0,0.1375306863570079,0.03676361547830794,0.08204524246227972,0.08204524246227972,0.9058995223843168,0.09056770694208736,0.09056770694208736,1,0.07753690626635235,0.13675541910569655,0.13675541910569655,1,0.9587215719522252,1.732889096973794,3.002904622410651,0.9879447648465965,1.669931442893733,2.7886710239651453,0.9879447648465965,0.9191470525265457,0.9760348583877969,0.9587215719522252,0.9191470525265457,0.9879447648465965,0.9760348583877969,1.6220352431896563,1.0262657860229865,2.6309983301493274,1.6699314428937313,0.9879447648465993,2.7886710239651396,0.681986678047132,0.40839202169003685,0.04913090463169434,0.8761511472972567,0.9999999999999979,60.3547624250236,60.23529411764706,-0.0005297573569451597,2.220446049250313e-16,1.0,0.0,20.0987943388533,21.59999999999997,0.05630301653679228,20.66261716160038,0.062499999999999334,17.000000000000213,15.616557734204806,0.2440087145969501,0.3657070824097912,15.673068679886288,60.23529411764707,60.354761854502065,0.2592592592592594,0.2596823879061861,0.25882051268187073,2.9960150601026507,0.24466364648255684,0.0006549318856067243,0.008446711600240056,6.655048566344584,0.5293556737355688,-0.00011204865191893898,0.0,0.528944228867112,0.5294677223874877,0.5290561904285451,0.05914699619121063,0.05912676444878569,2.0231742424943466e-05,0.05910102383410757,0.7231217999942601
