experiment,seed,condition_label,n_train,n_test,context_dim,target_dim,K,d,r_star,alpha,overlap,sigma_z,sigma_y,spectrum_decay,spectrum_trace,embedding_decay,embedding_trace,subspace_operator,test_mse,ols_test_mse,rrr_test_mse,oracle_test_mse,ols_test_risk,rrr_test_risk,excess_risk_over_ols,recovered_rank,rrr_effective_rank,model_effective_rank,rank_equality_target,rank_equality_gap,oracle_rank,oracle_effective_rank,target_rank,rank_fraction,oracle_rank_fraction,subspace_error,theorem_subspace_error,operator_error_op,cross_cov_error_op,subspace_bound_denominator,empirical_subspace_bound,empirical_subspace_bound_clipped,subspace_bound_valid,sigma_min_nonzero,sigma_top,lambda_top,oracle_sigma_min_nonzero,oracle_sigma_top,oracle_lambda_top,oracle_effective_sigma_min,lambda_het_proxy,oracle_lambda_het_proxy,sigma_at_population_rank,lambda_at_population_rank,oracle_sigma_at_population_rank,oracle_lambda_at_population_rank,sigma_at_bottleneck_rank,lambda_at_bottleneck_rank,oracle_sigma_at_bottleneck_rank,oracle_lambda_at_bottleneck_rank,relative_conditioning,oracle_relative_conditioning,trace_h,oracle_trace_h,entropy_gap,oracle_entropy_gap,embedding_relative_conditioning,embedding_entropy_gap,empirical_effdim,oracle_effdim,zz_hat_min_eig,zz_hat_condition,zz_pop_min_eig,zz_pop_condition,spectral_tail_proxy,empirical_spectral_tail,population_spectral_energy,empirical_spectral_energy,spectral_tail_ratio,empirical_spectral_tail_ratio,excess_risk_ratio,relative_rrr_to_ols,per_target_excess_mse,per_target_risk_stability_ratio,fixed_eval_mse,fixed_eval_excess_mse,risk_stability_ratio,fixed_eval_relative_mse,oracle_fixed_eval_mse,oracle_fixed_eval_relative_mse,theorem_fixed_eval_mse,theorem_oracle_fixed_eval_mse,theorem_fixed_eval_excess_mse,theorem_fixed_eval_relative_mse,runtime_sec
predictive_isotropy,0,,1024,8192,64,1,24,24,24,1.0,0.0,0.25,0.25,1.0,24.0,1.0,24.0,whitened_raw,0.13030827175391538,0.13030827175391543,0.13030827175391538,0.12144452555686687,3.12739852209397,3.1273985220939693,-8.881784197001252e-16,24,24,24,24,0,24,24,24,1.0,1.0,0.09404865151113911,0.13332710010356139,0.20441391956849098,0.20441391956849098,0.7657285805768402,0.2669534933833885,0.2669534933833885,1,0.8135738937035779,1.138681122572069,1.2965946989019872,0.9701425001453312,0.9701425001453325,0.9411764705882365,0.9701425001453312,0.6619024805159998,0.941176470588234,0.8135738937035779,0.6619024805160006,0.9701425001453312,0.941176470588234,0.8135738937035779,0.6619024805160006,0.9701425001453312,0.941176470588234,0.5104929713784334,0.9999999999999973,22.590772963080056,22.588235294117645,-0.017118942655545213,0.0,1.0,0.0,17.4231569681805,23.999999999999968,0.04165575050356622,33.5300234658351,0.06249999999999941,17.00000000000018,0.0,0.0,22.588235294117652,22.590772729793933,0.0,0.0,-3.931598225184867e-17,0.9999999999999996,0.008863746197048508,0.06648120442253393,0.0603417738535515,0.00017054218786722447,0.0012791262071608577,0.06011141158406872,0.06017123166568428,0.0599415204623358,0.06059175752799739,0.0601712316656843,0.0004205258623130939,0.06036044091456843,0.07202740001957864
predictive_isotropy,1,,1024,8192,64,1,24,24,24,1.0,0.0,0.25,0.25,1.0,24.0,1.0,24.0,whitened_raw,0.1283561727135889,0.12835617271358887,0.1283561727135889,0.12094713932008465,3.0805481451261323,3.0805481451261327,4.440892098500626e-16,24,24,24,24,0,24,24,24,1.0,1.0,0.09775632574218479,0.13916128049870602,0.19859219280267157,0.19859219280267157,0.7715503073426592,0.2573937057800604,0.2573937057800604,1,0.8040714784382157,1.1142941781912046,1.2416515155508119,0.9701425001453308,0.9701425001453323,0.9411764705882362,0.9701425001453308,0.6465309424378176,0.9411764705882331,0.8040714784382157,0.646530942437818,0.9701425001453308,0.9411764705882331,0.8040714784382157,0.646530942437818,0.9701425001453308,0.9411764705882331,0.5207024147600777,0.9999999999999967,22.31693537920117,22.588235294117638,-0.015113957954110815,-1.3877787807814457e-16,1.0,0.0,17.97359009327275,23.999999999999968,0.040610578145251576,32.69718401739528,0.062499999999998904,17.000000000000316,0.0,0.0,22.588235294117638,22.316935149677036,0.0,0.0,1.9899202416084868e-17,1.0000000000000002,0.007409033393504252,0.05324062387865958,0.060352732251682646,0.00017867559435919694,0.0012839461789866064,0.06051997169893305,0.06017405665732345,0.06034080098850333,0.060523440047438946,0.06017405665732343,0.000349383390115518,0.06069115253172245,0.07237780001014471
predictive_isotropy,2,,1024,8192,64,1,24,24,24,1.0,0.0,0.25,0.25,1.0,24.0,1.0,24.0,whitened_raw,0.12899503436003426,0.12899503436003426,0.12899503436003426,0.12116273976803758,3.0958808246408225,3.0958808246408225,0.0,24,24,24,24,0,24,24,24,1.0,1.0,0.08527181441989462,0.14225894898634978,0.20692577082376362,0.20692577082376362,0.7632167293215673,0.2711232116304663,0.2711232116304663,1,0.8138453740066116,1.1450335497709954,1.3111018301011665,0.9701425001453309,0.9701425001453323,0.9411764705882362,0.9701425001453309,0.6623442927919614,0.9411764705882333,0.8138453740066116,0.6623442927919615,0.9701425001453309,0.9411764705882333,0.8138453740066116,0.6623442927919615,0.9701425001453309,0.9411764705882333,0.5051814264806983,0.9999999999999969,22.906439113109275,22.588235294117645,-0.016954858885032627,4.163336342344337e-17,1.0,0.0,17.47113655645022,23.999999999999975,0.04044436884921911,35.116528102207646,0.062499999999999396,17.000000000000185,0.0,0.0,22.58823529411767,22.906438879900143,0.0,0.0,0.0,1.0,0.007832294591996677,0.0550566038045748,0.06052346074103058,0.0001343441488407815,0.0009443634287897928,0.060420042222752025,0.0603891165921898,0.06028592763237737,0.060756303300227466,0.06038911659218981,0.0003671867080376548,0.06065248691586245,0.07274480001069605
predictive_isotropy,3,,1024,8192,64,1,24,24,24,1.0,0.0,0.25,0.25,1.0,24.0,1.0,24.0,whitened_raw,0.1287474138568308,0.12874741385683083,0.1287474138568308,0.12124421686237542,3.08993793256394,3.08993793256394,0.0,24,24,24,24,0,24,24,24,1.0,1.0,0.0881651602433474,0.1274116657565042,0.20729551459931703,0.20729551459931703,0.7628469855460136,0.27173931145699376,0.27173931145699376,1,0.820706307506802,1.143790637401381,1.3082570222070578,0.9701425001453307,0.9701425001453321,0.9411764705882357,0.9701425001453307,0.6735588431814489,0.9411764705882328,0.820706307506802,0.6735588431814494,0.9701425001453307,0.9411764705882328,0.820706307506802,0.6735588431814494,0.9701425001453307,0.9411764705882328,0.5148520755081759,0.9999999999999969,22.588851756501512,22.58823529411763,-0.016996363329245923,-3.469446951953614e-17,1.0,0.0,17.266371495100888,23.99999999999997,0.04068674985041541,34.124498784345924,0.06249999999999937,17.000000000000192,0.0,0.0,22.58823529411763,22.588851524615627,0.0,0.0,0.0,0.9999999999999998,0.007503196994455383,0.05888940349304204,0.06070206811912396,0.00014244706782599176,0.0011180064790787812,0.060621748379458454,0.06055962105129797,0.060479489794690096,0.0609126175961929,0.06055962105129798,0.0003529965448949221,0.06083201926174951,0.07073639996815473
predictive_isotropy,4,,1024,8192,64,1,24,24,24,1.0,0.0,0.25,0.25,1.0,24.0,1.0,24.0,whitened_raw,0.1298162450803787,0.12981624508037873,0.1298162450803787,0.12136013224722535,3.115589881929089,3.115589881929089,0.0,24,24,24,24,0,24,24,24,1.0,1.0,0.08572446062949189,0.13638703220995815,0.18451086804301176,0.18451086804301176,0.7856316321023196,0.23485671974442765,0.23485671974442765,1,0.8349980323165188,1.1134716544918521,1.2398191253568225,0.9701425001453313,0.9701425001453328,0.941176470588237,0.9701425001453313,0.6972217139724576,0.9411764705882342,0.8349980323165188,0.6972217139724582,0.9701425001453313,0.9411764705882342,0.8349980323165188,0.6972217139724582,0.9701425001453313,0.9411764705882342,0.5623576050029043,0.999999999999997,22.798558691692357,22.588235294117652,-0.014396861298935346,-7.632783294297951e-17,1.0,0.0,18.388616714660603,23.999999999999964,0.03875467799863205,34.33489881944136,0.062499999999999445,17.00000000000017,0.0,0.0,22.58823529411765,22.79855845699244,0.0,0.0,0.0,0.9999999999999998,0.008456112833153354,0.062000856651355005,0.060283592426870834,0.0001316733217456706,0.0009654387195915287,0.06030656312896349,0.060151919105125164,0.060174839633886645,0.06052092206299586,0.060151919105125164,0.00036900295787069964,0.060543983198125935,0.07541170000331476
predictive_isotropy,5,,1024,8192,64,1,24,24,24,1.0,0.0,0.25,0.25,1.0,24.0,1.0,24.0,whitened_raw,0.12993815899292685,0.1299381589929269,0.12993815899292685,0.12131844249534751,3.1185158158302446,3.1185158158302446,0.0,24,24,24,24,0,24,24,24,1.0,1.0,0.083685655103537,0.13823350376510393,0.20225418350749697,0.20225418350749697,0.7678883166378341,0.26339010390607087,0.26339010390607087,1,0.8278214558441811,1.1380574769923368,1.2951748209381633,0.9701425001453311,0.9701425001453321,0.9411764705882357,0.9701425001453311,0.6852883627559789,0.9411764705882337,0.8278214558441811,0.6852883627559795,0.9701425001453311,0.9411764705882337,0.8278214558441811,0.6852883627559795,0.9701425001453311,0.9411764705882337,0.52910877487534,0.9999999999999979,22.906222255528927,22.588235294117634,-0.015976738401724526,5.551115123125783e-17,1.0,0.0,17.685814984371564,23.999999999999975,0.03971190146057526,35.55284029654611,0.062499999999999334,17.000000000000195,0.0,0.0,22.588235294117624,22.90622202343866,0.0,0.0,0.0,0.9999999999999996,0.008619716497579338,0.06235620354546294,0.060634116693413564,0.00015581550588431026,0.0011271905988079626,0.06060722915959912,0.060478301187529254,0.0604514827483914,0.06087607628038457,0.060478301187529254,0.0003977750928553167,0.060849081452245886,0.0717527000233531
predictive_isotropy,6,,1024,8192,64,1,24,24,24,1.0,0.0,0.25,0.25,1.0,24.0,1.0,24.0,whitened_raw,0.1297798342391413,0.12977983423914127,0.1297798342391413,0.12193632951363026,3.1147160217393908,3.114716021739391,4.440892098500626e-16,24,24,24,24,0,24,24,24,1.0,1.0,0.09497474708188178,0.14092929597411588,0.1907131770320701,0.1907131770320701,0.779429323113261,0.24468309233004962,0.24468309233004962,1,0.8255849806455614,1.1180178005223165,1.2499638022847583,0.9701425001453311,0.9701425001453325,0.9411764705882365,0.9701425001453311,0.6815905602675325,0.9411764705882337,0.8255849806455614,0.681590560267532,0.9701425001453311,0.9411764705882337,0.8255849806455614,0.681590560267532,0.9701425001453311,0.9411764705882337,0.5452882387647388,0.999999999999997,22.918739132886273,22.588235294117652,-0.01440251649966779,-9.020562075079397e-17,1.0,0.0,18.335522269520155,23.999999999999975,0.04040496726603983,33.19053060705055,0.06249999999999927,17.000000000000227,0.0,0.0,22.588235294117666,22.918738900477916,0.0,0.0,1.937668611604115e-17,1.0000000000000002,0.007843504725511041,0.055655601422656915,0.060410830498284024,0.0001368033608271091,0.0009707233679236957,0.05991329445891784,0.060274027137456915,0.0597776177934491,0.060618479868528384,0.06027402713745691,0.0003444527310714762,0.06011923365493688,0.07840159995248541
predictive_isotropy,7,,1024,8192,64,1,24,24,24,1.0,0.0,0.25,0.25,1.0,24.0,1.0,24.0,whitened_raw,0.1290323695637215,0.12903236956372147,0.1290323695637215,0.12123039329471276,3.096776869529315,3.0967768695293154,4.440892098500626e-16,24,24,24,24,0,24,24,24,1.0,1.0,0.09133415935536775,0.1472408321762582,0.2034287228369469,0.2034287228369469,0.7667137773083844,0.2653255084982315,0.2653255084982315,1,0.8128156710153683,1.1357668697152676,1.2899663823428178,0.9701425001453313,0.9701425001453328,0.941176470588237,0.9701425001453313,0.6606693150481642,0.9411764705882342,0.8128156710153683,0.6606693150481635,0.9701425001453313,0.9411764705882342,0.8128156710153683,0.6606693150481635,0.9701425001453313,0.9411764705882342,0.512160102845677,0.999999999999997,22.423073482669317,22.588235294117656,-0.015542715123739864,5.551115123125783e-17,1.0,0.0,17.382680502064606,23.999999999999968,0.039985294161162484,34.095474236217385,0.062499999999999334,17.0000000000002,0.0,0.0,22.588235294117652,22.423073251630957,0.0,0.0,1.980501088617554e-17,1.0000000000000002,0.007801976269008734,0.052987857740909736,0.060139189024145494,0.00015098861881909786,0.0010254534464893088,0.06026672315076368,0.059988200405326396,0.060115414338042024,0.0603722385659179,0.05998820040532638,0.0003840381605915155,0.06050026690887407,0.07314370002131909
predictive_isotropy,8,,1024,8192,64,1,24,24,24,1.0,0.0,0.25,0.25,1.0,24.0,1.0,24.0,whitened_raw,0.12950199755515435,0.12950199755515437,0.12950199755515435,0.12067124603490083,3.1080479413237057,3.1080479413237048,-8.881784197001252e-16,24,24,24,24,0,24,24,24,1.0,1.0,0.08948161292866057,0.13933118447245507,0.20762127650088863,0.20762127650088863,0.7625212236444423,0.27228261989688674,0.27228261989688674,1,0.8168548342115044,1.1299540924065044,1.276796250946207,0.9701425001453309,0.9701425001453321,0.9411764705882357,0.9701425001453309,0.6672518201747041,0.9411764705882333,0.8168548342115044,0.6672518201747043,0.9701425001453309,0.9411764705882333,0.8168548342115044,0.6672518201747043,0.9701425001453309,0.9411764705882333,0.5225985114541322,0.9999999999999974,22.42078941801489,22.588235294117624,-0.0163980103586059,1.5265566588595902e-16,1.0,0.0,17.560193649847665,23.999999999999964,0.040913277625531666,33.20234400185441,0.062499999999999396,17.00000000000018,0.0,0.0,22.588235294117677,22.420789183152834,0.0,0.0,-3.961405695601071e-17,0.9999999999999998,0.008830751520253519,0.06337957689579037,0.06047516817439124,0.0001552684465106896,0.0011143840275138494,0.060548186278391765,0.06031989972788055,0.060392730359767846,0.060742446675325586,0.060319899727880565,0.0004225469474450211,0.06081578749309388,0.07146950002061203
predictive_isotropy,9,,1024,8192,64,1,24,24,24,1.0,0.0,0.25,0.25,1.0,24.0,1.0,24.0,whitened_raw,0.12935652329764483,0.12935652329764483,0.12935652329764483,0.12117074619367989,3.1045565591434756,3.1045565591434756,0.0,24,24,24,24,0,24,24,24,1.0,1.0,0.09178775659785536,0.14346242377387697,0.20079074219256615,0.20079074219256615,0.7693517579527653,0.26098691543497293,0.26098691543497293,1,0.8214187157793645,1.1486733129454554,1.319450379873088,0.9701425001453315,0.9701425001453325,0.9411764705882365,0.9701425001453315,0.6747287066326199,0.9411764705882346,0.8214187157793645,0.6747287066326204,0.9701425001453315,0.9411764705882346,0.8214187157793645,0.6747287066326204,0.9701425001453315,0.9411764705882346,0.5113710351862716,0.999999999999998,22.63301982888458,22.588235294117652,-0.016649288614826063,-9.020562075079397e-17,1.0,0.0,17.153369443920695,23.999999999999975,0.04119295596741371,34.3810994456911,0.06249999999999935,17.00000000000019,0.0,0.0,22.58823529411769,22.633019597719002,0.0,0.0,0.0,1.0,0.008185777103964939,0.05705868399984111,0.06040811388962569,0.00015362174735236017,0.0010708152233263265,0.06042048956580669,0.06025449214227333,0.060266836346308,0.060637019910205286,0.06025449214227335,0.0003825277679319339,0.060649442481854526,0.07396050001261756
predictive_isotropy,0,,1024,8192,64,1,24,24,24,1.0,0.0,0.25,0.25,0.85,24.0,1.0,24.0,whitened_raw,0.1299052546852348,0.12990525468523484,0.1299052546852348,0.12115550951916663,3.117726112445636,3.1177261124456352,-8.881784197001252e-16,24,24,24,24,0,24,24,24,1.0,1.0,0.10312989909575364,0.23022226263905538,0.25997630112030373,0.25997630112030373,0.026931898529013454,9.65309968178567,1.0,1,0.2866827984305209,1.9502916401542543,3.803637481655571,0.2869081996493172,1.8596247368460532,3.4582041618897525,0.2869081996493172,0.08218702691595478,0.08231631502601246,0.2866827984305209,0.08218702691595468,0.2869081996493172,0.08231631502601246,0.2866827984305209,0.08218702691595468,0.2869081996493172,0.08231631502601246,0.02160748160473536,0.02380319702727739,23.355510349373848,22.588235294117638,-0.6142101312463063,-0.5675936414357472,1.0,0.0,6.140309233467783,6.531781883512102,0.04165575050356622,33.5300234658351,0.06249999999999941,17.00000000000018,0.0,0.0,22.588235294117645,23.35551011615575,0.0,0.0,-3.802864571498886e-17,0.9999999999999998,0.008749745166068176,0.038005643180503826,0.06036713837155643,0.00019590670587216197,0.0008509459668516348,0.06013667926985347,0.06017123166568427,0.05994152046233579,0.06096987630122291,0.06017123166568428,0.0007986446355386298,0.06073711617208051,0.07331070001237094
predictive_isotropy,1,,1024,8192,64,1,24,24,24,1.0,0.0,0.25,0.25,0.85,24.0,1.0,24.0,whitened_raw,0.12877310767258737,0.12877310767258734,0.12877310767258737,0.12137675854848684,3.0905545841420965,3.0905545841420974,8.881784197001252e-16,24,24,24,24,0,24,24,24,1.0,1.0,0.10446544347645079,0.20952305293857676,0.216678641529048,0.216678641529048,0.07022955812026929,3.085291255257255,1.0,1,0.28448483384856504,1.8169363151428148,3.30125757328475,0.2869081996493173,1.859624736846054,3.458204161889755,0.2869081996493173,0.08093162068984568,0.08231631502601251,0.28448483384856504,0.08093162068984566,0.2869081996493173,0.08231631502601251,0.28448483384856504,0.08093162068984566,0.2869081996493173,0.08231631502601251,0.0245153911481432,0.023803197027277387,21.958522318008058,22.58823529411763,-0.5606927406503501,-0.5675936414357473,1.0,0.0,6.651562875828358,6.531781883512095,0.040610578145251576,32.69718401739528,0.062499999999998904,17.000000000000316,0.0,0.0,22.588235294117645,21.958522088771716,0.0,0.0,4.044800538531174e-17,1.0000000000000002,0.007396349124100532,0.03530088465381815,0.06037262906646328,0.0001985724091398272,0.0009477353749615332,0.06053992364845543,0.060174056657323456,0.060340800988503335,0.06083207377818713,0.06017405665732344,0.0006580171208636909,0.061000641496900085,0.0720127999666147
predictive_isotropy,2,,1024,8192,64,1,24,24,24,1.0,0.0,0.25,0.25,0.85,24.0,1.0,24.0,whitened_raw,0.12936791845999943,0.12936791845999948,0.12936791845999943,0.12148604915307315,3.104830043039987,3.1048300430399864,-4.440892098500626e-16,24,24,24,24,0,24,24,24,1.0,1.0,0.09165149580756146,0.2442205141598421,0.2528580325503075,0.2528580325503075,0.034050167099009654,7.426043808098135,1.0,1,0.294548323965399,1.9537305992135743,3.817063254303432,0.28690819964931713,1.8596247368460541,3.458204161889756,0.28690819964931713,0.08675871515082566,0.08231631502601242,0.294548323965399,0.08675871515082563,0.28690819964931713,0.08231631502601242,0.294548323965399,0.08675871515082563,0.28690819964931713,0.08231631502601242,0.022729179311611395,0.023803197027277352,22.904235716607893,22.588235294117645,-0.5783218639305829,-0.5675936414357473,1.0,0.0,6.000486287667674,6.531781883512097,0.04044436884921911,35.116528102207646,0.062499999999999396,17.000000000000185,0.0,0.0,22.588235294117656,22.904235483648446,0.0,0.0,-1.938895581854728e-17,0.9999999999999996,0.007881869306926276,0.032273575928054916,0.060547183210098166,0.00015806661790836868,0.0006472290767716352,0.06044372415642109,0.0603891165921898,0.06028592763237737,0.06109448910368911,0.0603891165921898,0.0007053725114993109,0.06099009484961425,0.07514450000599027
predictive_isotropy,3,,1024,8192,64,1,24,24,24,1.0,0.0,0.25,0.25,0.85,24.0,1.0,24.0,whitened_raw,0.12875492164712352,0.12875492164712352,0.12875492164712352,0.12129389213965852,3.0901181195309633,3.090118119530964,8.881784197001252e-16,24,24,24,24,0,24,24,24,1.0,1.0,0.09870684201113089,0.2037795344128917,0.2395121391117821,0.2395121391117821,0.04739606053753509,5.0534187102344,1.0,1,0.2784281647029209,1.830246688529099,3.349802940871733,0.2869081996493172,1.8596247368460532,3.4582041618897525,0.2869081996493172,0.07752224289983704,0.08231631502601246,0.2784281647029209,0.07752224289983686,0.2869081996493172,0.08231631502601246,0.2784281647029209,0.07752224289983686,0.2869081996493172,0.08231631502601246,0.02314232934539813,0.02380319702727739,22.495857454059312,22.58823529411763,-0.5768912277018059,-0.5675936414357475,1.0,0.0,6.715576364084606,6.5317818835120995,0.04068674985041541,34.124498784345924,0.06249999999999937,17.000000000000192,0.0,0.0,22.58823529411763,22.495857222906388,0.0,0.0,3.948186596755861e-17,1.0,0.007461029507464995,0.03661324248757822,0.06071301165634388,0.00015339060504590551,0.0007527282142823542,0.06063267743641291,0.060559621051297974,0.0604794897946901,0.06119209009111725,0.060559621051297974,0.0006324690398192764,0.06111112196436313,0.07785210001748055
predictive_isotropy,4,,1024,8192,64,1,24,24,24,1.0,0.0,0.25,0.25,0.85,24.0,1.0,24.0,whitened_raw,0.1299784727662645,0.12997847276626448,0.1299784727662645,0.12155122004948321,3.1194833463903477,3.1194833463903477,0.0,24,24,24,24,0,24,24,24,1.0,1.0,0.08783993104329055,0.22010951594844202,0.24412072053963665,0.24412072053963665,0.042787479109680476,5.7054242413735805,1.0,1,0.2656756476253122,1.8127873362916458,3.2861979266193604,0.28690819964931713,1.8596247368460543,3.458204161889757,0.28690819964931713,0.07058354974112932,0.08231631502601242,0.2656756476253122,0.07058354974112906,0.28690819964931713,0.08231631502601242,0.2656756476253122,0.07058354974112906,0.28690819964931713,0.08231631502601242,0.021478788349714863,0.02380319702727735,22.52045429229403,22.58823529411765,-0.5641829142449218,-0.5675936414357479,1.0,0.0,6.853042572350989,6.531781883512097,0.03875467799863205,34.33489881944136,0.062499999999999445,17.00000000000017,0.0,0.0,22.588235294117652,22.520454056724276,0.0,0.0,0.0,1.0000000000000002,0.008427252716781297,0.03828663508921295,0.06030020356520297,0.0001482844600778077,0.000673684912889189,0.060323180596870474,0.060151919105125164,0.060174839633886645,0.06086201846282871,0.060151919105125164,0.0007100993577035461,0.06088520957070045,0.06847060000291094
predictive_isotropy,5,,1024,8192,64,1,24,24,24,1.0,0.0,0.25,0.25,0.85,24.0,1.0,24.0,whitened_raw,0.12989145031829827,0.12989145031829827,0.12989145031829827,0.12142154128627759,3.117394807639159,3.1173948076391587,-4.440892098500626e-16,24,24,24,24,0,24,24,24,1.0,1.0,0.09522604233271247,0.2468725491780903,0.22084368458708792,0.22084368458708792,0.06606451506222943,3.342848795288429,1.0,1,0.2805677726415394,1.8736315103634744,3.5104950366269145,0.28690819964931735,1.8596247368460552,3.45820416188976,0.28690819964931735,0.07871827504503454,0.08231631502601254,0.2805677726415394,0.07871827504503456,0.28690819964931735,0.08231631502601254,0.2805677726415394,0.07871827504503456,0.28690819964931735,0.08231631502601254,0.022423696437033454,0.023803197027277363,22.76737104674158,22.588235294117638,-0.5790517723857372,-0.5675936414357474,1.0,0.0,6.485515805946782,6.531781883512088,0.03971190146057526,35.55284029654611,0.062499999999999334,17.000000000000195,0.0,0.0,22.58823529411761,22.767370814853102,0.0,0.0,-1.950551135049574e-17,1.0,0.008469909032020675,0.034308832878420216,0.06065462855929595,0.00017632737176670465,0.0007142445458344768,0.060627731929719625,0.06047830118752925,0.06045148274839139,0.06123448006418073,0.060478301187529254,0.0007561788766514768,0.06120732630581627,0.07078000000910833
predictive_isotropy,6,,1024,8192,64,1,24,24,24,1.0,0.0,0.25,0.25,0.85,24.0,1.0,24.0,whitened_raw,0.1297850054269854,0.1297850054269854,0.1297850054269854,0.12166917692011993,3.114840130247649,3.114840130247649,0.0,24,24,24,24,0,24,24,24,1.0,1.0,0.10005607738103808,0.19813359360842717,0.2324083309174085,0.2324083309174085,0.0544998687319089,4.264383315502129,1.0,1,0.2897501283255813,1.9174352701993778,3.6765580154045607,0.2869081996493174,1.8596247368460557,3.458204161889762,0.2869081996493174,0.08395513686469068,0.08231631502601258,0.2897501283255813,0.08395513686469082,0.2869081996493174,0.08231631502601258,0.2897501283255813,0.08395513686469082,0.2869081996493174,0.08231631502601258,0.02283525420051139,0.023803197027277363,22.949540108669645,22.588235294117656,-0.5779914057672515,-0.5675936414357473,1.0,0.0,6.242126470604416,6.53178188351209,0.04040496726603983,33.19053060705055,0.06249999999999927,17.000000000000227,0.0,0.0,22.588235294117677,22.949539875277363,0.0,0.0,0.0,1.0,0.008115828506865472,0.040961395586983806,0.060428261216843755,0.0001542340793868474,0.00077843477513289,0.05993058162026103,0.06027402713745691,0.059777617793449096,0.06088737948263759,0.060274027137456915,0.0006133523451806733,0.060385918645477966,0.072980800003279
predictive_isotropy,7,,1024,8192,64,1,24,24,24,1.0,0.0,0.25,0.25,0.85,24.0,1.0,24.0,whitened_raw,0.1290334588577686,0.1290334588577686,0.1290334588577686,0.12142445188859385,3.096803012586446,3.096803012586446,0.0,24,24,24,24,0,24,24,24,1.0,1.0,0.09522533029322428,0.2189037046474456,0.23772735005639734,0.23772735005639734,0.04918084959291985,4.833738172970093,1.0,1,0.27156608760008694,1.8585364767218842,3.4541578353057947,0.2869081996493172,1.8596247368460554,3.458204161889761,0.2869081996493172,0.07374813993441813,0.08231631502601246,0.27156608760008694,0.07374813993441809,0.2869081996493172,0.08231631502601246,0.27156608760008694,0.07374813993441809,0.2869081996493172,0.08231631502601246,0.021350541420145964,0.02380319702727733,22.706244757767287,22.588235294117652,-0.594335776220249,-0.567593641435748,1.0,0.0,6.5735979189141815,6.53178188351209,0.039985294161162484,34.095474236217385,0.062499999999999334,17.0000000000002,0.0,0.0,22.58823529411765,22.70624452781771,0.0,0.0,0.0,1.0,0.007609006969174742,0.03475960802686914,0.060156450642037985,0.00016825023671161038,0.0007686038798776158,0.06028402137449336,0.059988200405326375,0.060115414338042,0.06065783861935468,0.05998820040532638,0.0006696382140282953,0.060786472619852434,0.08065759995952249
predictive_isotropy,8,,1024,8192,64,1,24,24,24,1.0,0.0,0.25,0.25,0.85,24.0,1.0,24.0,whitened_raw,0.12909782036938228,0.1290978203693823,0.12909782036938228,0.12044044138638728,3.098347688865176,3.098347688865175,-8.881784197001252e-16,24,24,24,24,0,24,24,24,1.0,1.0,0.09874798977060693,0.22797336958330847,0.23579144444783215,0.23579144444783215,0.05111675520148487,4.612801487857014,1.0,1,0.29257179820221524,1.7942588309483318,3.2193647524360745,0.286908199649317,1.859624736846054,3.458204161889755,0.286908199649317,0.08559825710327791,0.08231631502601236,0.29257179820221524,0.08559825710327776,0.286908199649317,0.08231631502601236,0.29257179820221524,0.08559825710327776,0.286908199649317,0.08231631502601236,0.026588555098798934,0.023803197027277345,22.08845386033888,22.588235294117624,-0.5635123893462377,-0.5675936414357471,1.0,0.0,6.861121854435623,6.531781883512092,0.040913277625531666,33.20234400185441,0.062499999999999396,17.00000000000018,0.0,0.0,22.588235294117677,22.088453626381707,0.0,0.0,-4.0210076935368384e-17,0.9999999999999998,0.008657378982994998,0.037975395980763126,0.060492792254152085,0.00017289252627153417,0.0007583891337288583,0.06056583163757898,0.06031989972788055,0.060392730359767846,0.06105652475461857,0.06031989972788054,0.0007366250267380331,0.06113024479226422,0.0784163000062108
predictive_isotropy,9,,1024,8192,64,1,24,24,24,1.0,0.0,0.25,0.25,0.85,24.0,1.0,24.0,whitened_raw,0.12954179083946538,0.1295417908394654,0.12954179083946538,0.121254808939097,3.109002980147169,3.109002980147169,0.0,24,24,24,24,0,24,24,24,1.0,1.0,0.09615808729874815,0.2254069364045042,0.2564452486458373,0.2564452486458373,0.030462951003479843,8.41826678631834,1.0,1,0.2779447417440307,1.9212447249779718,3.6911812932556827,0.28690819964931713,1.8596247368460548,3.4582041618897583,0.28690819964931713,0.07725327946315583,0.08231631502601242,0.2779447417440307,0.07725327946315594,0.28690819964931713,0.08231631502601242,0.2779447417440307,0.07725327946315594,0.28690819964931713,0.08231631502601242,0.020929147967971323,0.02380319702727734,23.03583252607431,22.588235294117652,-0.5978246969710018,-0.5675936414357478,1.0,0.0,6.2407751600183055,6.531781883512095,0.04119295596741371,34.3810994456911,0.06249999999999935,17.00000000000019,0.0,0.0,22.588235294117666,23.03583229373456,0.0,0.0,0.0,0.9999999999999998,0.008286981900368376,0.03676453809521179,0.06042930765120391,0.00017481550893056613,0.0007755551435952744,0.06044168766930379,0.060254492142273346,0.060266836346308014,0.06096949603912529,0.06025449214227335,0.0007150038968519387,0.060981986724420935,0.07742099999450147
predictive_isotropy,0,,1024,8192,64,1,24,24,24,1.0,0.0,0.25,0.25,0.65,24.0,1.0,24.0,whitened_raw,0.12956267827453175,0.12956267827453177,0.12956267827453175,0.12070400467863764,3.109504278588762,3.109504278588762,0.0,15,23,23,15,8,24,14,24,0.625,1.0,0.36455275387581626,0.9790349693772055,0.36768791674203866,0.36768791674203866,-0.3478504687743831,,1.0,0,0.14959342698242759,2.9350842056692277,8.61471929436896,0.019837447967655575,2.8117855792651363,7.906138143763378,0.1709696479505346,0.022378193396346988,0.0003935243418694423,0.0401077475844598,0.0016086314162987408,0.019837447967655575,0.0003935243418694423,0.0401077475844598,0.0016086314162987408,0.019837447967655575,0.0003935243418694423,0.00018673056675801706,4.9774534003034996e-05,24.064219553303044,22.588235294117638,-2.5484170843497673,-2.82573947524347,1.0,0.0,2.793384059424049,2.8570504187225696,0.04165575050356622,33.5300234658351,0.06249999999999941,17.00000000000018,0.0,0.0,22.58823529411763,24.064219320486,0.0,0.0,0.0,0.9999999999999998,0.00885867359589411,0.009048373013202365,0.41778798410769324,-0.04029497011340211,0.0,0.4161930262197256,0.45808295422109535,0.45633416524445947,0.1099177384776764,0.06017123166568428,0.04974650681199212,0.1094981137620758,0.07850600004894659
predictive_isotropy,1,,1024,8192,64,1,24,24,24,1.0,0.0,0.25,0.25,0.65,24.0,1.0,24.0,whitened_raw,0.1289617448977177,0.12896174489771764,0.1289617448977177,0.12154381781627101,3.0950818775452236,3.095081877545225,1.3322676295501878e-15,15,23,23,15,8,24,14,24,0.625,1.0,0.36447553051841863,0.965515753158125,0.302579997881609,0.302579997881609,-0.2827425499139534,,1.0,0,0.14646300182613686,2.7234447885069444,7.417151516045635,0.019837447967655582,2.811785579265137,7.906138143763383,0.17096964795053454,0.021451410903922965,0.00039352434186944255,0.04813448888722674,0.0023169290204345543,0.019837447967655582,0.00039352434186944255,0.04813448888722674,0.0023169290204345543,0.019837447967655582,0.00039352434186944255,0.00031237450326076084,4.9774534003035e-05,21.695759322584482,22.588235294117638,-2.446225623430959,-2.8257394752434704,1.0,0.0,2.925079698810213,2.857050418722568,0.040610578145251576,32.69718401739528,0.062499999999998904,17.000000000000316,0.0,0.0,22.588235294117645,21.695759093241694,0.0,0.0,6.14068225879773e-17,1.0000000000000004,0.0074179270814466874,0.007682864890793588,0.41411449801839456,-0.0395065161039963,0.0,0.4152620231951863,0.45362101412239086,0.454878013181632,0.10052733689534278,0.06017405665732345,0.04035328023801933,0.10080590152081528,0.07444110000506043
predictive_isotropy,2,,1024,8192,64,1,24,24,24,1.0,0.0,0.25,0.25,0.65,24.0,1.0,24.0,whitened_raw,0.12972559459075114,0.12972559459075117,0.12972559459075114,0.12180507369576388,3.113414270178028,3.113414270178028,0.0,15,23,23,15,8,24,14,24,0.625,1.0,0.3864405818987437,0.9977092948646016,0.3504187057454358,0.3504187057454358,-0.33058125777778025,,1.0,0,0.1569551967883396,2.9323947391287444,8.598938906069936,0.019837447967655582,2.811785579265138,7.906138143763388,0.17096964795053463,0.02463493379886662,0.00039352434186944255,0.0405029606951499,0.0016404898250728577,0.019837447967655582,0.00039352434186944255,0.0405029606951499,0.0016404898250728577,0.019837447967655582,0.00039352434186944255,0.00019077816960821135,4.977453400303497e-05,23.131589195519254,22.588235294117638,-2.492950229325216,-2.82573947524347,1.0,0.0,2.690051580572437,2.857050418722566,0.04044436884921911,35.116528102207646,0.062499999999999396,17.000000000000185,0.0,0.0,22.588235294117673,23.13158896243243,0.0,0.0,0.0,0.9999999999999998,0.007920520894987265,0.007938706129887417,0.41904379397997277,-0.03926163180099479,0.0,0.4183277594416858,0.45830542578096756,0.45752230354253354,0.1159675178990494,0.06038911659218981,0.055578401306859586,0.11576936021403401,0.07944459997816011
predictive_isotropy,3,,1024,8192,64,1,24,24,24,1.0,0.0,0.25,0.25,0.65,24.0,1.0,24.0,whitened_raw,0.12894289390224972,0.1289428939022497,0.12894289390224972,0.12134898212325916,3.094629453653993,3.094629453653994,8.881784197001252e-16,15,23,23,15,8,24,14,24,0.625,1.0,0.3728373019910837,0.9717919476767451,0.3477643837017268,0.3477643837017268,-0.3279269357340712,,1.0,0,0.1499083268160401,2.744752133748976,7.533664275719556,0.019837447967655582,2.811785579265137,7.906138143763383,0.1709696479505345,0.022472506448784662,0.00039352434186944255,0.04112969726060398,0.0016916519967489347,0.019837447967655582,0.00039352434186944255,0.04112969726060398,0.0016916519967489347,0.019837447967655582,0.00039352434186944255,0.00022454571040562613,4.9774534003035e-05,22.17210972424335,22.588235294117634,-2.486627366664894,-2.82573947524347,1.0,0.0,2.943071115566222,2.8570504187225674,0.04068674985041541,34.124498784345924,0.06249999999999937,17.000000000000192,0.0,0.0,22.588235294117627,22.17210949300789,0.0,0.0,4.005836341283709e-17,1.0000000000000002,0.007593911778990561,0.007814339064184739,0.4177457872268003,-0.04034781142609778,0.0,0.4171930345131601,0.45809359865289806,0.45748745853730877,0.10694597124910112,0.060559621051297974,0.04638635019780314,0.10680446251908313,0.07820029999129474
predictive_isotropy,4,,1024,8192,64,1,24,24,24,1.0,0.0,0.25,0.25,0.65,24.0,1.0,24.0,whitened_raw,0.12980380757883359,0.12980380757883367,0.12980380757883359,0.12142463878213751,3.1152913818920074,3.115291381892006,-1.3322676295501878e-15,15,23,23,15,8,24,14,24,0.625,1.0,0.3574248206469375,0.9977366810125382,0.32787201012271044,0.32787201012271044,-0.3080345621550548,,1.0,0,0.14843780901240053,2.692071953795263,7.247251404411045,0.019837447967655606,2.8117855792651394,7.906138143763395,0.17096964795053463,0.022033783144401724,0.00039352434186944353,0.04290921956655284,0.001841201123810641,0.019837447967655606,0.00039352434186944353,0.04290921956655284,0.001841201123810641,0.019837447967655606,0.00039352434186944353,0.00025405509220916396,4.977453400303505e-05,22.1665088595985,22.588235294117656,-2.4214205561524187,-2.8257394752434704,1.0,0.0,3.0586090674468442,2.8570504187225656,0.03875467799863205,34.33489881944136,0.062499999999999445,17.00000000000017,0.0,0.0,22.588235294117624,22.16650862296725,0.0,0.0,-6.010272759733545e-17,0.9999999999999993,0.008379168796696077,0.008398176549139802,0.41875787609876536,-0.03828319223596788,0.0,0.41891744128115704,0.45704106833473324,0.4572152210983988,0.1252125088958744,0.06015191910512518,0.06506058979074922,0.12526022037298337,0.08471019996795803
predictive_isotropy,5,,1024,8192,64,1,24,24,24,1.0,0.0,0.25,0.25,0.65,24.0,1.0,24.0,whitened_raw,0.12988629829931375,0.12988629829931375,0.12988629829931375,0.12153353610260603,3.1172711591835305,3.11727115918353,-4.440892098500626e-16,15,23,23,15,8,24,14,24,0.625,1.0,0.35692932708056935,0.9963798860599247,0.29865465707870614,0.29865465707870614,-0.27881720911105057,,1.0,0,0.15840681162032394,2.817541327236722,7.938539130686869,0.01983744796765559,2.8117855792651385,7.906138143763391,0.17096964795053451,0.025092717967716654,0.0003935243418694428,0.04218480872096852,0.0017795580868247016,0.01983744796765559,0.0003935243418694428,0.04218480872096852,0.0017795580868247016,0.01983744796765559,0.0003935243418694428,0.00022416694778838085,4.977453400303499e-05,22.444662726699242,22.588235294117645,-2.4828113224645016,-2.82573947524347,1.0,0.0,2.8273039103552615,2.8570504187225656,0.03971190146057526,35.55284029654611,0.062499999999999334,17.000000000000195,0.0,0.0,22.58823529411762,22.444662495737422,0.0,0.0,-1.978596069040476e-17,1.0,0.00835276219670772,0.008383110010116527,0.41556597488935654,-0.039335811844876334,0.0,0.41538169671707825,0.45490178673423287,0.45470006552775577,0.12332136368852349,0.060478301187529254,0.06284306250099424,0.12326667818278776,0.08450130000710487
predictive_isotropy,6,,1024,8192,64,1,24,24,24,1.0,0.0,0.25,0.25,0.65,24.0,1.0,24.0,whitened_raw,0.12931153060024603,0.12931153060024603,0.12931153060024603,0.12124943543329451,3.1034767344059047,3.1034767344059047,0.0,15,21,21,15,6,24,14,24,0.625,1.0,0.3735252726467974,0.9823737098747577,0.2947200730464127,0.2947200730464127,-0.2748826250787571,,1.0,0,0.1477130511803361,2.8832006663039422,8.312846082175497,0.019837447967655592,2.8117855792651403,7.906138143763401,0.17096964795053454,0.021819145489004488,0.000393524341869443,0.0350627551561077,0.0012293967991371568,0.019837447967655592,0.000393524341869443,0.0350627551561077,0.0012293967991371568,0.019837447967655592,0.000393524341869443,0.00014789120200038878,4.977453400303495e-05,23.174422463916336,22.588235294117663,-2.52574402522263,-2.825739475243471,1.0,0.0,2.787784380322788,2.8570504187225647,0.04040496726603983,33.19053060705055,0.06249999999999927,17.000000000000227,0.0,0.0,22.588235294117684,23.17442222980718,0.0,0.0,0.0,1.0,0.008062095166951513,0.008206749718474597,0.4190967027737884,-0.042109216774691705,0.0,0.4156450747810989,0.4612059195484801,0.4574074853165437,0.10407139030227959,0.060274027137456894,0.043797363164822696,0.10321427135663293,0.0871109000290744
predictive_isotropy,7,,1024,8192,64,1,24,24,24,1.0,0.0,0.25,0.25,0.65,24.0,1.0,24.0,whitened_raw,0.12911138440266423,0.1291113844026642,0.12911138440266423,0.12164917738627863,3.0986732256639407,3.098673225663941,4.440892098500626e-16,15,22,22,15,7,24,14,24,0.625,1.0,0.2638387231394287,0.9871280762094216,0.3170425897005627,0.3170425897005627,-0.2972051417329071,,1.0,0,0.16210711586586893,2.7671092741210352,7.656893734926642,0.019837447967655606,2.81178557926514,7.906138143763398,0.17096964795053468,0.02627871701435053,0.00039352434186944353,0.0398157819984207,0.001585296496145762,0.019837447967655606,0.00039352434186944353,0.0398157819984207,0.001585296496145762,0.019837447967655606,0.00039352434186944353,0.00020704172619171788,4.977453400303503e-05,22.778672488906352,22.588235294117656,-2.5385922810769497,-2.8257394752434704,1.0,0.0,2.974923419010279,2.8570504187225647,0.039985294161162484,34.095474236217385,0.062499999999999334,17.0000000000002,0.0,0.0,22.588235294117645,22.778672259870987,0.0,0.0,1.9495833856497912e-17,1.0000000000000002,0.0074622070163856,0.007559512484986269,0.4163529132503238,-0.03909279692324358,0.0,0.4172358517471333,0.4554457101735674,0.4564115507811896,0.11656756695060293,0.059988200405326375,0.05657936654527655,0.11681476587503611,0.07867940003052354
predictive_isotropy,8,,1024,8192,64,1,24,24,24,1.0,0.0,0.25,0.25,0.65,24.0,1.0,24.0,whitened_raw,0.12899071835348216,0.1289907183534823,0.12899071835348216,0.12035988648458218,3.0957772404835744,3.0957772404835735,-8.881784197001252e-16,15,22,22,15,7,24,14,24,0.625,1.0,0.6025844034104293,0.9798736561983262,0.33434431400833037,0.33434431400833037,-0.3145068660406748,,1.0,0,0.15033567829748867,2.6921894412431104,7.247883987540892,0.019837447967655592,2.8117855792651376,7.9061381437633855,0.17096964795053463,0.022600816169165705,0.000393524341869443,0.043022600329456546,0.0018509441391081544,0.019837447967655592,0.000393524341869443,0.043022600329456546,0.0018509441391081544,0.019837447967655592,0.000393524341869443,0.0002553771752265801,4.977453400303504e-05,21.578605882703087,22.588235294117627,-2.445104243866521,-2.82573947524347,1.0,0.0,2.977228377247304,2.8570504187225656,0.040913277625531666,33.20234400185441,0.062499999999999396,17.00000000000018,0.0,0.0,22.58823529411768,21.57860564886736,0.0,0.0,-4.116013954528822e-17,0.9999999999999989,0.008630831868899985,0.008808106855720088,0.4171303834538329,-0.03941712336055775,0.0,0.41763402934090144,0.45654750681439066,0.45709874518776106,0.10503094614269458,0.06031989972788055,0.04471104641481403,0.10515776117736476,0.07354880002094433
predictive_isotropy,9,,1024,8192,64,1,24,24,24,1.0,0.0,0.25,0.25,0.65,24.0,1.0,24.0,whitened_raw,0.1296746279339189,0.1296746279339189,0.1296746279339189,0.12150648501829235,3.1121910704140543,3.1121910704140543,0.0,14,23,23,14,9,24,14,24,0.5833333333333334,1.0,0.2845418375485653,0.9946948564597005,0.3160097381611509,0.3160097381611509,-0.29617229019349534,,1.0,0,0.17077766014369983,2.890135297219684,8.35288203623511,0.0198374479676556,2.8117855792651385,7.906138143763391,0.17096964795053474,0.02916500920415706,0.00039352434186944326,0.04574318018990928,0.0020924385338865086,0.0198374479676556,0.00039352434186944326,0.04574318018990928,0.0020924385338865086,0.0198374479676556,0.00039352434186944326,0.0002505049783786522,4.977453400303504e-05,23.48355587412777,22.588235294117656,-2.51819778431016,-2.8257394752434704,1.0,0.0,2.8114315241440306,2.857050418722567,0.04119295596741371,34.3810994456911,0.06249999999999935,17.00000000000019,0.0,0.0,22.58823529411767,23.4835556414524,0.0,0.0,0.0,1.0,0.00816814291562655,0.008211707201038972,0.4561112856019656,-0.0007375638011834496,0.0,0.4562047281084379,0.45684884940314907,0.4569424430126798,0.12200641624569519,0.060254492142273346,0.06175192410342185,0.12203141142932597,0.07361080002738163
predictive_isotropy,0,,1024,8192,64,1,24,24,24,1.0,0.0,0.25,0.25,0.45,24.0,1.0,24.0,whitened_raw,0.12929016774652077,0.12929016774652083,0.12929016774652077,0.12035643481680924,3.1029640259165,3.1029640259164983,-1.7763568394002505e-15,8,18,18,8,10,24,8,24,0.3333333333333333,1.0,0.3448812657946072,0.9999922803706901,0.4514352471002891,0.4514352471002891,-0.45107294870896125,,1.0,0,0.21960747375155246,3.675819628878613,13.511649944049303,0.00036229839132782067,3.524702749287059,12.423529470831753,0.21545982138784087,0.04822744252753894,1.3126012435872668e-07,0.03357733639196072,0.0011274375191788898,0.00036229839132782067,1.3126012435872668e-07,0.03357733639196072,0.0011274375191788898,0.00036229839132782067,1.3126012435872668e-07,8.34418834004375e-05,1.0565445565763112e-08,24.4372422586683,22.588235294117638,-3.752726144154138,-6.602621672157597,1.0,0.0,1.8086053413062821,1.8181818095373634,0.04165575050356622,33.5300234658351,0.06249999999999941,17.00000000000018,0.0,0.0,22.58823529411762,24.437242026901654,0.0,0.0,-7.269056129348616e-17,0.9999999999999996,0.00893373292971153,0.00893380189535049,0.6933322707600985,-0.0006963477241390681,0.0,0.6906853880916245,0.6940286184842376,0.6913790774212246,0.20526559338686792,0.06017123166568428,0.14509436172118365,0.2044819663086503,0.07592059997841716
predictive_isotropy,1,,1024,8192,64,1,24,24,24,1.0,0.0,0.25,0.25,0.45,24.0,1.0,24.0,whitened_raw,0.12892185985866475,0.12892185985866472,0.12892185985866475,0.1213880288381446,3.094124636607954,3.0941246366079547,8.881784197001252e-16,9,17,17,9,8,24,8,24,0.375,1.0,0.3319128365883662,0.999960752669116,0.3724808745697588,0.3724808745697588,-0.37211857617843097,,1.0,0,0.17364672390221458,3.4089548086910417,11.620972887697777,0.000362298391327821,3.524702749287059,12.423529470831753,0.21545982138784064,0.03015318472197227,1.3126012435872692e-07,0.02906823567184537,0.0008449623250739436,0.000362298391327821,1.3126012435872692e-07,0.02906823567184537,0.0008449623250739436,0.000362298391327821,1.3126012435872692e-07,7.271011930235546e-05,1.0565445565763132e-08,21.515765733414607,22.58823529411764,-3.7070016743474103,-6.602621672157597,1.0,0.0,1.8514599372477394,1.8181818095373636,0.040610578145251576,32.69718401739528,0.062499999999998904,17.000000000000316,0.0,0.0,22.588235294117634,21.51576550334307,0.0,0.0,4.1280354145992256e-17,1.0000000000000002,0.007533831020520146,0.007534126714884247,0.648461149656399,-0.03883896967650913,0.0,0.6502580572724395,0.6873001193329081,0.6892046510378363,0.2341362243535721,0.060174056657323456,0.17396216769624864,0.23478502369175114,0.07140700001036748
predictive_isotropy,2,,1024,8192,64,1,24,24,24,1.0,0.0,0.25,0.25,0.45,24.0,1.0,24.0,whitened_raw,0.1299735204298762,0.12997352042987623,0.1299735204298762,0.12206409400711248,3.119364490317029,3.1193644903170283,-4.440892098500626e-16,8,18,18,8,10,24,8,24,0.3333333333333333,1.0,0.2279715768802286,0.9998272302228229,0.43058016171497254,0.43058016171497254,-0.4302178633236447,,1.0,0,0.21829731630206262,3.668317992318837,13.456556892770102,0.0003622983913278209,3.5247027492870586,12.423529470831749,0.21545982138784078,0.047653718304682374,1.3126012435872684e-07,0.034515717802180226,0.001191334775399741,0.0003622983913278209,1.3126012435872684e-07,0.034515717802180226,0.001191334775399741,0.0003622983913278209,1.3126012435872684e-07,8.853191681148523e-05,1.0565445565763129e-08,23.52361542845654,22.588235294117638,-3.749673558200728,-6.602621672157597,1.0,0.0,1.7481154812413595,1.8181818095373639,0.04044436884921911,35.116528102207646,0.062499999999999396,17.000000000000185,0.0,0.0,22.588235294117705,23.52361519595454,0.0,0.0,-1.887844220162361e-17,0.9999999999999998,0.007909426422763724,0.00791079316873678,0.6934709992189294,0.0003825306073631518,0.00038259670851122996,0.6922860414797274,0.6930884686115663,0.6919041645155652,0.2439211175132855,0.06038911659218981,0.18353200092109567,0.24350432111332398,0.07276860001729801
predictive_isotropy,3,,1024,8192,64,1,24,24,24,1.0,0.0,0.25,0.25,0.45,24.0,1.0,24.0,whitened_raw,0.12938861584884262,0.12938861584884268,0.12938861584884262,0.12150848715007943,3.105326780372225,3.1053267803722235,-1.3322676295501878e-15,8,17,17,8,9,24,8,24,0.3333333333333333,1.0,0.33056358751511633,0.999921262724555,0.4301152207059463,0.4301152207059463,-0.4297529223146185,,1.0,0,0.22921926964082717,3.434191225030688,11.793669370077778,0.00036229839132782067,3.524702749287059,12.423529470831753,0.21545982138784064,0.052541473574673994,1.3126012435872668e-07,0.03118055701808764,0.0009722271359582144,0.00036229839132782067,1.3126012435872668e-07,0.03118055701808764,0.0009722271359582144,0.00036229839132782067,1.3126012435872668e-07,8.24363567817912e-05,1.0565445565763112e-08,21.848795909252548,22.588235294117634,-3.711394567913101,-6.602621672157598,1.0,0.0,1.8525867754683765,1.818181809537363,0.04068674985041541,34.124498784345924,0.06249999999999937,17.000000000000192,0.0,0.0,22.588235294117627,21.84879567772209,0.0,0.0,-6.097670778754279e-17,0.9999999999999996,0.007880128698763186,0.00788074920748425,0.6928997831779954,-0.000672758282923569,0.0,0.6919829523034703,0.693572541460919,0.6926548204063421,0.2319212812157052,0.060559621051297974,0.17136166016440724,0.23161440770204536,0.06864010001299903
predictive_isotropy,4,,1024,8192,64,1,24,24,24,1.0,0.0,0.25,0.25,0.45,24.0,1.0,24.0,whitened_raw,0.12969272943172838,0.12969272943172838,0.12969272943172838,0.12127278651848024,3.112625506361481,3.1126255063614816,4.440892098500626e-16,8,18,18,8,10,24,8,24,0.3333333333333333,1.0,0.20569324389103102,0.9991259514512848,0.4019572955084913,0.4019572955084913,-0.40159499711716345,,1.0,0,0.21575117988214276,3.3650345808404367,11.323457730251974,0.0003622983913278212,3.52470274928706,12.42352947083176,0.21545982138784078,0.04654857162053676,1.3126012435872708e-07,0.03303780825844212,0.0010914967745215861,0.0003622983913278212,1.3126012435872708e-07,0.03303780825844212,0.0010914967745215861,0.0003622983913278212,1.3126012435872708e-07,9.63925331399014e-05,1.0565445565763139e-08,21.794869152944617,22.588235294117656,-3.653255014101482,-6.602621672157598,1.0,0.0,1.9247538757279954,1.8181818095373636,0.03875467799863205,34.33489881944136,0.062499999999999445,17.00000000000017,0.0,0.0,22.58823529411765,21.794868915401654,0.0,0.0,2.037586055570358e-17,1.0,0.008419942913248143,0.00842730879026585,0.6912806818136032,1.0144110317300559e-06,1.0152984518684242e-06,0.6915440901800441,0.6912796674025715,0.6915430753824772,0.230093114849518,0.06015191910512516,0.16994119574439284,0.2301807904538077,0.07199140003649518
predictive_isotropy,5,,1024,8192,64,1,24,24,24,1.0,0.0,0.25,0.25,0.45,24.0,1.0,24.0,whitened_raw,0.13000604737757712,0.13000604737757707,0.13000604737757712,0.12164181029221939,3.12014513706185,3.1201451370618503,4.440892098500626e-16,8,17,17,8,9,24,8,24,0.3333333333333333,1.0,0.25791067752047325,0.9994669600682844,0.3651298051543398,0.3651298051543398,-0.36476750676301195,,1.0,0,0.22135018763892816,3.5279525076789033,12.446448896437863,0.0003622983913278211,3.52470274928706,12.42352947083176,0.2154598213878408,0.04899590556778891,1.31260124358727e-07,0.031176123825860165,0.0009719506968053659,0.0003622983913278211,1.31260124358727e-07,0.031176123825860165,0.0009719506968053659,0.0003622983913278211,1.31260124358727e-07,7.809060278096954e-05,1.0565445565763132e-08,22.315610328667233,22.58823529411764,-3.701327034562218,-6.602621672157598,1.0,0.0,1.7929298962577105,1.8181818095373625,0.03971190146057526,35.55284029654611,0.062499999999999334,17.000000000000195,0.0,0.0,22.588235294117595,22.31561009849971,0.0,0.0,1.990038398636114e-17,1.0000000000000004,0.008364237085357731,0.008368697935533837,0.6911390813016528,-0.0009750013707007232,0.0,0.6908326032587229,0.6921140826723535,0.6918071722757627,0.2104027674810179,0.060478301187529254,0.14992446629348866,0.21030946668216396,0.07423570001265034
predictive_isotropy,6,,1024,8192,64,1,24,24,24,1.0,0.0,0.25,0.25,0.45,24.0,1.0,24.0,whitened_raw,0.12867111255350588,0.1286711125535059,0.12867111255350588,0.12097235324755935,3.0881067012841426,3.0881067012841417,-8.881784197001252e-16,8,17,17,8,9,24,8,24,0.3333333333333333,1.0,0.26482869232143746,0.9947973388890153,0.3594234818460981,0.3594234818460981,-0.3590611834547703,,1.0,0,0.22204256417324628,3.609472221495241,13.02828971774579,0.00036229839132782094,3.5247027492870626,12.423529470831777,0.2154598213878406,0.049302900304630345,1.3126012435872687e-07,0.03009954783363446,0.000905982779789249,0.00036229839132782094,1.3126012435872687e-07,0.03009954783363446,0.000905982779789249,0.00036229839132782094,1.3126012435872687e-07,6.953965558159278e-05,1.0565445565763106e-08,23.394994450258594,22.588235294117656,-3.7831229783283624,-6.602621672157598,1.0,0.0,1.7957072614368061,1.8181818095373612,0.04040496726603983,33.19053060705055,0.06249999999999927,17.000000000000227,0.0,0.0,22.588235294117705,23.394994216102745,0.0,0.0,-3.796446417109149e-17,0.9999999999999998,0.0076987593059465315,0.007739022819003986,0.6959231902609857,-0.0011376467341617236,0.0,0.6901916539631133,0.6970608369951474,0.6913199311811528,0.20757128739461242,0.06027402713745691,0.1472972602571555,0.2058617562498719,0.073106000025291
predictive_isotropy,7,,1024,8192,64,1,24,24,24,1.0,0.0,0.25,0.25,0.45,24.0,1.0,24.0,whitened_raw,0.1293172606459034,0.1293172606459034,0.1293172606459034,0.12191953747905458,3.1036142555016815,3.1036142555016824,8.881784197001252e-16,8,16,16,8,8,24,8,24,0.3333333333333333,1.0,0.21995208589078957,0.9986482257696061,0.38394134604178654,0.38394134604178654,-0.3835790476504587,,1.0,0,0.23387964771704844,3.458180069384977,11.959009392291483,0.00036229839132782094,3.5247027492870626,12.423529470831777,0.215459821387841,0.054699689616250616,1.3126012435872687e-07,0.030030877166918362,0.0009018535834145387,0.00036229839132782094,1.3126012435872687e-07,0.030030877166918362,0.0009018535834145387,0.00036229839132782094,1.3126012435872687e-07,7.541206414603653e-05,1.0565445565763106e-08,22.53259429493018,22.588235294117673,-3.7614739249692635,-6.602621672157597,1.0,0.0,1.8841522366772452,1.8181818095373625,0.039985294161162484,34.095474236217385,0.062499999999999334,17.0000000000002,0.0,0.0,22.58823529411764,22.532594066131598,0.0,0.0,3.9417495255689747e-17,1.0,0.007397723166848821,0.007407736754499095,0.6874186390589055,-0.0008740339381840823,0.0,0.6888764128861888,0.6882926729970896,0.689752300343796,0.22159479846934085,0.05998820040532638,0.16160659806401448,0.2220647233144294,0.07239590003155172
predictive_isotropy,8,,1024,8192,64,1,24,24,24,1.0,0.0,0.25,0.25,0.45,24.0,1.0,24.0,whitened_raw,0.1291883494245892,0.12918834942458926,0.1291883494245892,0.12049615038567128,3.1005203861901434,3.1005203861901416,-1.7763568394002505e-15,8,17,17,8,9,24,8,24,0.3333333333333333,1.0,0.2789916416575753,0.9986261990343329,0.41582912923702875,0.41582912923702875,-0.4154668308457009,,1.0,0,0.2288788039336139,3.3699575498075975,11.356613887505226,0.00036229839132782067,3.5247027492870604,12.423529470831761,0.21545982138784095,0.0523855068900818,1.3126012435872668e-07,0.03037583347880657,0.000922691259532186,0.00036229839132782067,1.3126012435872668e-07,0.03037583347880657,0.000922691259532186,0.00036229839132782067,1.3126012435872668e-07,8.124703971377855e-05,1.0565445565763104e-08,21.21837538481396,22.588235294117634,-3.6574747802762935,-6.602621672157598,1.0,0.0,1.8683716462491378,1.8181818095373619,0.040913277625531666,33.20234400185441,0.062499999999999396,17.00000000000018,0.0,0.0,22.58823529411768,21.21837515073089,0.0,0.0,-8.371785430229148e-17,0.9999999999999996,0.008692199038917922,0.008704156817959753,0.6932450039137316,0.00013745867713743642,0.0001376477777874828,0.6940820323556806,0.6931075452365941,0.6939444077100592,0.216717681243597,0.06031989972788055,0.15639778151571646,0.21697934755500212,0.06819530000211671
predictive_isotropy,9,,1024,8192,64,1,24,24,24,1.0,0.0,0.25,0.25,0.45,24.0,1.0,24.0,whitened_raw,0.129735314176082,0.12973531417608195,0.129735314176082,0.12164938070653929,3.113647540225967,3.1136475402259673,4.440892098500626e-16,8,17,17,8,9,24,8,24,0.3333333333333333,1.0,0.2598170349059045,0.999902691282215,0.38292172042296085,0.38292172042296085,-0.382559422031633,,1.0,0,0.2290642602593533,3.619394925345417,13.100019625616156,0.0003622983913278212,3.52470274928706,12.42352947083176,0.21545982138784073,0.0524704353281648,1.3126012435872708e-07,0.033089758509115996,0.0010949321181916145,0.0003622983913278212,1.3126012435872708e-07,0.033089758509115996,0.0010949321181916145,0.0003622983913278212,1.3126012435872708e-07,8.35824792239664e-05,1.0565445565763139e-08,23.791478857499605,22.588235294117656,-3.745961957285302,-6.602621672157598,1.0,0.0,1.8161407034060515,1.8181818095373636,0.04119295596741371,34.3810994456911,0.06249999999999935,17.00000000000019,0.0,0.0,22.5882352941177,23.79147862515183,0.0,0.0,1.8665893652384484e-17,1.0000000000000004,0.008085933469542714,0.008086720377933777,0.6933098098783556,-0.000887945317781913,0.0,0.6934518467198938,0.6941977551961375,0.6943399739490616,0.25577010525803084,0.06025449214227335,0.1955156131157575,0.25582250431166187,0.07228859997121617
